Annee,Commune,Pluie_Semis_mm,Max_Jours_Secs_Semis,Pluie_Floraison_mm,Max_Jours_Secs_Floraison,Pluie_Maturation_mm,Max_Jours_Secs_Maturation,Rendement_kg_ha,pH_Sol,Argile_Perc,Azote_g_kg,Pluie_Totale_mm,Temp_Max_Moy_C,Temp_Min_Moy_C,Radiation_Solaire_MJ,Humidite_Relative_Perc,ETP_mm,Bilan_Hydrique_mm
2010,BOUKOUMBÉ,371.27,0,573.7,0,161.47,19,1825.91,6.2,22.5,1.25,1106.44,33.5,22.0,17.5,84.0,1100.0,6.440000000000055
2011,BOUKOUMBÉ,331.24,0,542.17,0,109.53,39,517.68,6.2,22.5,1.25,982.94,33.5,22.0,17.5,84.0,1100.0,-117.06000000000006
2012,BOUKOUMBÉ,434.73,0,461.5,0,157.92,29,551.88,6.2,22.5,1.25,1054.15,33.5,22.0,17.5,84.0,1100.0,-45.84999999999991
2013,BOUKOUMBÉ,315.12,2,346.53,1,79.95,21,596.4,6.2,22.5,1.25,741.6,33.5,22.0,17.5,84.0,1100.0,-358.4
2014,BOUKOUMBÉ,277.56,4,486.35,0,111.12,25,481.58,6.2,22.5,1.25,875.0300000000001,33.5,22.0,17.5,84.0,1100.0,-224.9699999999999
2015,BOUKOUMBÉ,336.95,2,486.98,1,145.93,29,395.97,6.2,22.5,1.25,969.86,33.5,22.0,17.5,84.0,1100.0,-130.13999999999987
2016,BOUKOUMBÉ,431.68,2,531.17,1,67.62,39,709.89,6.2,22.5,1.25,1030.4699999999998,33.5,22.0,17.5,84.0,1100.0,-69.5300000000002
2017,BOUKOUMBÉ,523.66,1,629.86,1,63.65,37,675.69,6.2,22.5,1.25,1217.17,33.5,22.0,17.5,84.0,1100.0,117.17000000000009
2018,BOUKOUMBÉ,544.76,2,417.54,1,91.86,30,721.51,6.2,22.5,1.25,1054.16,33.5,22.0,17.5,84.0,1100.0,-45.84000000000015
2019,BOUKOUMBÉ,536.61,2,504.13,1,267.88,16,746.89,6.2,22.5,1.25,1308.62,33.5,22.0,17.5,84.0,1100.0,208.6199999999999
2020,BOUKOUMBÉ,498.21,3,548.22,4,192.11,39,952.16,6.2,22.5,1.25,1238.54,33.5,22.0,17.5,84.0,1100.0,138.53999999999996
2010,COBLY,397.64,1,560.16,0,146.53,19,1187.57,6.2,22.5,1.25,1104.33,33.7,22.200000000000003,17.5,84.0,1100.0,4.329999999999927
2011,COBLY,338.66,1,573.62,1,85.2,39,526.2,6.2,22.5,1.25,997.48,33.7,22.200000000000003,17.5,84.0,1100.0,-102.51999999999998
2012,COBLY,449.34,0,512.97,0,151.73,29,646.78,6.2,22.5,1.25,1114.04,33.7,22.200000000000003,17.5,84.0,1100.0,14.039999999999964
2013,COBLY,366.99,1,388.31,0,57.37,44,727.63,6.2,22.5,1.25,812.67,33.7,22.200000000000003,17.5,84.0,1100.0,-287.33000000000004
2014,COBLY,307.96,5,497.33,1,77.69,20,745.24,6.2,22.5,1.25,882.98,33.7,22.200000000000003,17.5,84.0,1100.0,-217.02
2015,COBLY,436.83,2,659.38,1,142.24,29,430.29,6.2,22.5,1.25,1238.45,33.7,22.200000000000003,17.5,84.0,1100.0,138.45000000000005
2016,COBLY,512.23,2,635.66,2,69.03,39,939.02,6.2,22.5,1.25,1216.9199999999998,33.7,22.200000000000003,17.5,84.0,1100.0,116.91999999999985
2017,COBLY,700.06,1,628.14,1,75.42,38,786.43,6.2,22.5,1.25,1403.62,33.7,22.200000000000003,17.5,84.0,1100.0,303.6199999999999
2018,COBLY,602.03,2,513.82,1,97.48,30,823.05,6.2,22.5,1.25,1213.33,33.7,22.200000000000003,17.5,84.0,1100.0,113.32999999999991
2019,COBLY,660.86,3,516.23,1,254.41,18,911.22,6.2,22.5,1.25,1431.5000000000002,33.7,22.200000000000003,17.5,84.0,1100.0,331.5000000000002
2020,COBLY,547.56,3,610.85,3,193.4,39,773.74,6.2,22.5,1.25,1351.81,33.7,22.200000000000003,17.5,84.0,1100.0,251.81
2010,KÉROU,340.25,1,489.1,0,112.29,22,920.04,6.2,22.5,1.25,941.64,33.9,22.4,17.5,84.0,1100.0,-158.36
2011,KÉROU,283.23,1,462.98,1,76.63,39,1041.97,6.2,22.5,1.25,822.84,33.9,22.4,17.5,84.0,1100.0,-277.16
2012,KÉROU,367.84,1,441.81,0,136.93,29,834.23,6.2,22.5,1.25,946.58,33.9,22.4,17.5,84.0,1100.0,-153.42000000000007
2013,KÉROU,296.83,1,336.77,0,46.61,44,973.66,6.2,22.5,1.25,680.2099999999999,33.9,22.4,17.5,84.0,1100.0,-419.7900000000001
2014,KÉROU,245.59,5,432.43,1,59.52,25,1167.32,6.2,22.5,1.25,737.54,33.9,22.4,17.5,84.0,1100.0,-362.46
2015,KÉROU,317.81,2,610.49,0,82.28,34,928.85,6.2,22.5,1.25,1010.58,33.9,22.4,17.5,84.0,1100.0,-89.42000000000007
2016,KÉROU,389.05,2,501.9,2,42.04,39,1119.66,6.2,22.5,1.25,932.99,33.9,22.4,17.5,84.0,1100.0,-167.01
2017,KÉROU,508.55,2,435.09,2,56.42,49,1247.55,6.2,22.5,1.25,1000.06,33.9,22.4,17.5,84.0,1100.0,-99.94000000000004
2018,KÉROU,489.67,2,537.58,1,76.18,32,1145.44,6.2,22.5,1.25,1103.43,33.9,22.4,17.5,84.0,1100.0,3.430000000000064
2019,KÉROU,495.67,4,418.14,2,133.02,30,1062.44,6.2,22.5,1.25,1046.83,33.9,22.4,17.5,84.0,1100.0,-53.17000000000007
2020,KÉROU,316.5,5,523.05,1,149.13,40,1321.22,6.2,22.5,1.25,988.68,33.9,22.4,17.5,84.0,1100.0,-111.32000000000004
2010,KOUANDÉ,383.98,1,517.56,0,123.37,19,1739.13,6.2,22.5,1.25,1024.91,33.6,22.1,17.5,84.0,1100.0,-75.09000000000015
2011,KOUANDÉ,305.45,1,528.72,1,80.95,39,964.05,6.2,22.5,1.25,915.12,33.6,22.1,17.5,84.0,1100.0,-184.87999999999988
2012,KOUANDÉ,400.6,1,484.52,1,135.88,29,744.91,6.2,22.5,1.25,1021.0,33.6,22.1,17.5,84.0,1100.0,-79.0
2013,KOUANDÉ,324.7,1,354.35,0,51.24,44,783.26,6.2,22.5,1.25,730.29,33.6,22.1,17.5,84.0,1100.0,-369.71
2014,KOUANDÉ,279.2,5,486.04,0,67.44,30,873.88,6.2,22.5,1.25,832.6800000000001,33.6,22.1,17.5,84.0,1100.0,-267.31999999999994
2015,KOUANDÉ,378.37,2,629.28,1,109.08,29,981.66,6.2,22.5,1.25,1116.73,33.6,22.1,17.5,84.0,1100.0,16.730000000000018
2016,KOUANDÉ,466.68,2,600.27,2,60.89,39,916.06,6.2,22.5,1.25,1127.84,33.6,22.1,17.5,84.0,1100.0,27.840000000000146
2017,KOUANDÉ,701.67,2,595.93,1,65.92,49,917.66,6.2,22.5,1.25,1363.52,33.6,22.1,17.5,84.0,1100.0,263.52
2018,KOUANDÉ,580.31,2,559.93,1,81.96,32,846.73,6.2,22.5,1.25,1222.1999999999998,33.6,22.1,17.5,84.0,1100.0,122.19999999999982
2019,KOUANDÉ,632.83,2,494.73,2,245.74,17,789.35,6.2,22.5,1.25,1373.3,33.6,22.1,17.5,84.0,1100.0,273.29999999999995
2020,KOUANDÉ,418.44,3,536.9,3,225.89,40,1624.63,6.2,22.5,1.25,1181.23,33.6,22.1,17.5,84.0,1100.0,81.23000000000002
2010,MATÉRI,397.64,1,560.16,0,146.53,19,762.56,6.2,22.5,1.25,1104.33,34.0,22.5,17.5,84.0,1100.0,4.329999999999927
2011,MATÉRI,338.66,1,573.62,1,85.2,39,698.27,6.2,22.5,1.25,997.48,34.0,22.5,17.5,84.0,1100.0,-102.51999999999998
2012,MATÉRI,449.34,0,512.97,0,151.73,29,609.36,6.2,22.5,1.25,1114.04,34.0,22.5,17.5,84.0,1100.0,14.039999999999964
2013,MATÉRI,366.99,1,388.31,0,57.37,44,816.82,6.2,22.5,1.25,812.67,34.0,22.5,17.5,84.0,1100.0,-287.33000000000004
2014,MATÉRI,307.96,5,497.33,1,77.69,20,727.85,6.2,22.5,1.25,882.98,34.0,22.5,17.5,84.0,1100.0,-217.02
2015,MATÉRI,436.83,2,659.38,1,142.24,29,517.99,6.2,22.5,1.25,1238.45,34.0,22.5,17.5,84.0,1100.0,138.45000000000005
2016,MATÉRI,512.23,2,635.66,2,69.03,39,895.0,6.2,22.5,1.25,1216.9199999999998,34.0,22.5,17.5,84.0,1100.0,116.91999999999985
2017,MATÉRI,700.06,1,628.14,1,75.42,38,738.88,6.2,22.5,1.25,1403.62,34.0,22.5,17.5,84.0,1100.0,303.6199999999999
2018,MATÉRI,602.03,2,513.82,1,97.48,30,743.16,6.2,22.5,1.25,1213.33,34.0,22.5,17.5,84.0,1100.0,113.32999999999991
2019,MATÉRI,660.86,3,516.23,1,254.41,18,954.66,6.2,22.5,1.25,1431.5000000000002,34.0,22.5,17.5,84.0,1100.0,331.5000000000002
2020,MATÉRI,547.56,3,610.85,3,193.4,39,1140.6,6.2,22.5,1.25,1351.81,34.0,22.5,17.5,84.0,1100.0,251.81
2010,NATITINGOU,397.64,1,560.16,0,146.53,19,1890.26,6.2,22.5,1.25,1104.33,33.2,21.700000000000003,17.5,84.0,1100.0,4.329999999999927
2011,NATITINGOU,338.66,1,573.62,1,85.2,39,1084.17,6.2,22.5,1.25,997.48,33.2,21.700000000000003,17.5,84.0,1100.0,-102.51999999999998
2012,NATITINGOU,449.34,0,512.97,0,151.73,29,632.39,6.2,22.5,1.25,1114.04,33.2,21.700000000000003,17.5,84.0,1100.0,14.039999999999964
2013,NATITINGOU,366.99,1,388.31,0,57.37,44,748.68,6.2,22.5,1.25,812.67,33.2,21.700000000000003,17.5,84.0,1100.0,-287.33000000000004
2014,NATITINGOU,307.96,5,497.33,1,77.69,20,767.03,6.2,22.5,1.25,882.98,33.2,21.700000000000003,17.5,84.0,1100.0,-217.02
2015,NATITINGOU,436.83,2,659.38,1,142.24,29,896.43,6.2,22.5,1.25,1238.45,33.2,21.700000000000003,17.5,84.0,1100.0,138.45000000000005
2016,NATITINGOU,512.23,2,635.66,2,69.03,39,1040.33,6.2,22.5,1.25,1216.9199999999998,33.2,21.700000000000003,17.5,84.0,1100.0,116.91999999999985
2017,NATITINGOU,700.06,1,628.14,1,75.42,38,737.35,6.2,22.5,1.25,1403.62,33.2,21.700000000000003,17.5,84.0,1100.0,303.6199999999999
2018,NATITINGOU,602.03,2,513.82,1,97.48,30,808.92,6.2,22.5,1.25,1213.33,33.2,21.700000000000003,17.5,84.0,1100.0,113.32999999999991
2019,NATITINGOU,660.86,3,516.23,1,254.41,18,767.93,6.2,22.5,1.25,1431.5000000000002,33.2,21.700000000000003,17.5,84.0,1100.0,331.5000000000002
2020,NATITINGOU,547.56,3,610.85,3,193.4,39,1670.48,6.2,22.5,1.25,1351.81,33.2,21.700000000000003,17.5,84.0,1100.0,251.81
2010,PÉHUNCO,369.51,1,556.41,0,154.56,19,1010.38,6.2,22.5,1.25,1080.48,33.8,22.299999999999997,17.5,84.0,1100.0,-19.519999999999985
2011,PÉHUNCO,321.49,0,521.25,0,108.23,39,985.65,6.2,22.5,1.25,950.97,33.8,22.299999999999997,17.5,84.0,1100.0,-149.02999999999997
2012,PÉHUNCO,420.4,0,457.38,0,150.67,29,776.55,6.2,22.5,1.25,1028.45,33.8,22.299999999999997,17.5,84.0,1100.0,-71.54999999999995
2013,PÉHUNCO,301.61,2,337.05,1,78.49,21,805.67,6.2,22.5,1.25,717.1500000000001,33.8,22.299999999999997,17.5,84.0,1100.0,-382.8499999999999
2014,PÉHUNCO,266.05,4,491.25,0,104.91,25,781.53,6.2,22.5,1.25,862.2099999999999,33.8,22.299999999999997,17.5,84.0,1100.0,-237.79000000000008
2015,PÉHUNCO,327.38,2,480.55,1,141.53,29,970.76,6.2,22.5,1.25,949.46,33.8,22.299999999999997,17.5,84.0,1100.0,-150.53999999999996
2016,PÉHUNCO,429.02,2,528.78,1,66.88,39,1041.0,6.2,22.5,1.25,1024.6799999999998,33.8,22.299999999999997,17.5,84.0,1100.0,-75.32000000000016
2017,PÉHUNCO,527.62,1,626.84,1,64.37,37,761.85,6.2,22.5,1.25,1218.83,33.8,22.299999999999997,17.5,84.0,1100.0,118.82999999999991
2018,PÉHUNCO,541.97,2,422.63,1,90.74,30,850.07,6.2,22.5,1.25,1055.34,33.8,22.299999999999997,17.5,84.0,1100.0,-44.66000000000008
2019,PÉHUNCO,530.67,2,504.37,1,262.45,16,822.61,6.2,22.5,1.25,1297.49,33.8,22.299999999999997,17.5,84.0,1100.0,197.49
2020,PÉHUNCO,479.45,3,539.97,4,195.61,39,898.35,6.2,22.5,1.25,1215.0300000000002,33.8,22.299999999999997,17.5,84.0,1100.0,115.0300000000002
2010,TANGUIÉTA,397.64,1,560.16,0,146.53,19,952.7,6.2,22.5,1.25,1104.33,34.2,22.700000000000003,17.5,84.0,1100.0,4.329999999999927
2011,TANGUIÉTA,338.66,1,573.62,1,85.2,39,977.9,6.2,22.5,1.25,997.48,34.2,22.700000000000003,17.5,84.0,1100.0,-102.51999999999998
2012,TANGUIÉTA,449.34,0,512.97,0,151.73,29,810.08,6.2,22.5,1.25,1114.04,34.2,22.700000000000003,17.5,84.0,1100.0,14.039999999999964
2013,TANGUIÉTA,366.99,1,388.31,0,57.37,44,836.38,6.2,22.5,1.25,812.67,34.2,22.700000000000003,17.5,84.0,1100.0,-287.33000000000004
2014,TANGUIÉTA,307.96,5,497.33,1,77.69,20,724.24,6.2,22.5,1.25,882.98,34.2,22.700000000000003,17.5,84.0,1100.0,-217.02
2015,TANGUIÉTA,436.83,2,659.38,1,142.24,29,611.19,6.2,22.5,1.25,1238.45,34.2,22.700000000000003,17.5,84.0,1100.0,138.45000000000005
2016,TANGUIÉTA,512.23,2,635.66,2,69.03,39,971.29,6.2,22.5,1.25,1216.9199999999998,34.2,22.700000000000003,17.5,84.0,1100.0,116.91999999999985
2017,TANGUIÉTA,700.06,1,628.14,1,75.42,38,966.04,6.2,22.5,1.25,1403.62,34.2,22.700000000000003,17.5,84.0,1100.0,303.6199999999999
2018,TANGUIÉTA,602.03,2,513.82,1,97.48,30,746.97,6.2,22.5,1.25,1213.33,34.2,22.700000000000003,17.5,84.0,1100.0,113.32999999999991
2019,TANGUIÉTA,660.86,3,516.23,1,254.41,18,1014.59,6.2,22.5,1.25,1431.5000000000002,34.2,22.700000000000003,17.5,84.0,1100.0,331.5000000000002
2020,TANGUIÉTA,547.56,3,610.85,3,193.4,39,988.12,6.2,22.5,1.25,1351.81,34.2,22.700000000000003,17.5,84.0,1100.0,251.81
2010,TOUCOUNTOUNA,397.64,1,560.16,0,146.53,19,1380.21,6.2,22.5,1.25,1104.33,33.4,21.9,17.5,84.0,1100.0,4.329999999999927
2011,TOUCOUNTOUNA,338.66,1,573.62,1,85.2,39,742.6,6.2,22.5,1.25,997.48,33.4,21.9,17.5,84.0,1100.0,-102.51999999999998
2012,TOUCOUNTOUNA,449.34,0,512.97,0,151.73,29,964.04,6.2,22.5,1.25,1114.04,33.4,21.9,17.5,84.0,1100.0,14.039999999999964
2013,TOUCOUNTOUNA,366.99,1,388.31,0,57.37,44,743.86,6.2,22.5,1.25,812.67,33.4,21.9,17.5,84.0,1100.0,-287.33000000000004
2014,TOUCOUNTOUNA,307.96,5,497.33,1,77.69,20,827.44,6.2,22.5,1.25,882.98,33.4,21.9,17.5,84.0,1100.0,-217.02
2015,TOUCOUNTOUNA,436.83,2,659.38,1,142.24,29,946.48,6.2,22.5,1.25,1238.45,33.4,21.9,17.5,84.0,1100.0,138.45000000000005
2016,TOUCOUNTOUNA,512.23,2,635.66,2,69.03,39,1110.11,6.2,22.5,1.25,1216.9199999999998,33.4,21.9,17.5,84.0,1100.0,116.91999999999985
2017,TOUCOUNTOUNA,700.06,1,628.14,1,75.42,38,776.34,6.2,22.5,1.25,1403.62,33.4,21.9,17.5,84.0,1100.0,303.6199999999999
2018,TOUCOUNTOUNA,602.03,2,513.82,1,97.48,30,789.25,6.2,22.5,1.25,1213.33,33.4,21.9,17.5,84.0,1100.0,113.32999999999991
2019,TOUCOUNTOUNA,660.86,3,516.23,1,254.41,18,784.82,6.2,22.5,1.25,1431.5000000000002,33.4,21.9,17.5,84.0,1100.0,331.5000000000002
2020,TOUCOUNTOUNA,547.56,3,610.85,3,193.4,39,1687.34,6.2,22.5,1.25,1351.81,33.4,21.9,17.5,84.0,1100.0,251.81
2010,BASSILA,327.7,2,601.64,0,192.7,20,1003.57,6.2,22.5,1.25,1122.04,32.8,23.299999999999997,17.5,84.0,1100.0,22.039999999999964
2011,BASSILA,353.01,1,475.99,0,172.58,39,1624.31,6.2,22.5,1.25,1001.58,32.8,23.299999999999997,17.5,84.0,1100.0,-98.41999999999996
2012,BASSILA,452.72,0,454.52,1,171.38,25,703.87,6.2,22.5,1.25,1078.62,32.8,23.299999999999997,17.5,84.0,1100.0,-21.38000000000011
2013,BASSILA,277.75,7,325.58,2,136.64,20,1085.43,6.2,22.5,1.25,739.9699999999999,32.8,23.299999999999997,17.5,84.0,1100.0,-360.0300000000001
2014,BASSILA,261.98,5,505.37,0,157.55,25,768.3,6.2,22.5,1.25,924.9,32.8,23.299999999999997,17.5,84.0,1100.0,-175.0999999999999
2015,BASSILA,225.49,2,394.2,1,135.16,29,543.9,6.2,22.5,1.25,754.85,32.8,23.299999999999997,17.5,84.0,1100.0,-345.15
2016,BASSILA,410.41,2,499.64,1,69.76,39,996.41,6.2,22.5,1.25,979.81,32.8,23.299999999999997,17.5,84.0,1100.0,-120.19000000000004
2017,BASSILA,472.03,1,434.02,0,67.31,36,1084.93,6.2,22.5,1.25,973.36,32.8,23.299999999999997,17.5,84.0,1100.0,-126.6400000000001
2018,BASSILA,413.57,2,516.9,1,112.2,29,1345.08,6.2,22.5,1.25,1042.67,32.8,23.299999999999997,17.5,84.0,1100.0,-57.32999999999993
2019,BASSILA,424.84,5,388.85,1,247.1,16,1191.32,6.2,22.5,1.25,1060.79,32.8,23.299999999999997,17.5,84.0,1100.0,-39.21000000000004
2020,BASSILA,446.86,1,389.22,6,333.74,41,1161.66,6.2,22.5,1.25,1169.8200000000002,32.8,23.299999999999997,17.5,84.0,1100.0,69.82000000000016
2010,COPARGO,371.27,0,573.7,0,161.47,19,2967.99,6.2,22.5,1.25,1106.44,33.8,22.299999999999997,17.5,84.0,1100.0,6.440000000000055
2011,COPARGO,331.24,0,542.17,0,109.53,39,1874.3,6.2,22.5,1.25,982.94,33.8,22.299999999999997,17.5,84.0,1100.0,-117.06000000000006
2012,COPARGO,434.73,0,461.5,0,157.92,29,730.44,6.2,22.5,1.25,1054.15,33.8,22.299999999999997,17.5,84.0,1100.0,-45.84999999999991
2013,COPARGO,315.12,2,346.53,1,79.95,21,883.67,6.2,22.5,1.25,741.6,33.8,22.299999999999997,17.5,84.0,1100.0,-358.4
2014,COPARGO,277.56,4,486.35,0,111.12,25,877.78,6.2,22.5,1.25,875.0300000000001,33.8,22.299999999999997,17.5,84.0,1100.0,-224.9699999999999
2015,COPARGO,336.95,2,486.98,1,145.93,29,751.24,6.2,22.5,1.25,969.86,33.8,22.299999999999997,17.5,84.0,1100.0,-130.13999999999987
2016,COPARGO,431.68,2,531.17,1,67.62,39,1130.91,6.2,22.5,1.25,1030.4699999999998,33.8,22.299999999999997,17.5,84.0,1100.0,-69.5300000000002
2017,COPARGO,523.66,1,629.86,1,63.65,37,1049.37,6.2,22.5,1.25,1217.17,33.8,22.299999999999997,17.5,84.0,1100.0,117.17000000000009
2018,COPARGO,544.76,2,417.54,1,91.86,30,931.97,6.2,22.5,1.25,1054.16,33.8,22.299999999999997,17.5,84.0,1100.0,-45.84000000000015
2019,COPARGO,536.61,2,504.13,1,267.88,16,932.86,6.2,22.5,1.25,1308.62,33.8,22.299999999999997,17.5,84.0,1100.0,208.6199999999999
2020,COPARGO,498.21,3,548.22,4,192.11,39,991.23,6.2,22.5,1.25,1238.54,33.8,22.299999999999997,17.5,84.0,1100.0,138.53999999999996
2010,DJOUGOU,319.12,1,572.58,0,176.35,20,651.97,6.2,22.5,1.25,1068.05,33.4,21.9,17.5,84.0,1100.0,-31.950000000000045
2011,DJOUGOU,322.7,2,436.24,0,150.23,39,935.79,6.2,22.5,1.25,909.17,33.4,21.9,17.5,84.0,1100.0,-190.83
2012,DJOUGOU,420.88,0,425.76,0,164.39,29,756.41,6.2,22.5,1.25,1011.03,33.4,21.9,17.5,84.0,1100.0,-88.97000000000003
2013,DJOUGOU,254.83,5,305.45,2,115.4,20,468.01,6.2,22.5,1.25,675.68,33.4,21.9,17.5,84.0,1100.0,-424.3200000000001
2014,DJOUGOU,237.9,4,457.45,0,142.17,25,781.29,6.2,22.5,1.25,837.52,33.4,21.9,17.5,84.0,1100.0,-262.48
2015,DJOUGOU,226.32,2,350.45,1,127.69,29,709.32,6.2,22.5,1.25,704.46,33.4,21.9,17.5,84.0,1100.0,-395.54
2016,DJOUGOU,383.47,1,447.16,1,59.56,39,1081.6,6.2,22.5,1.25,890.19,33.4,21.9,17.5,84.0,1100.0,-209.81
2017,DJOUGOU,425.36,1,478.15,1,57.08,36,1182.83,6.2,22.5,1.25,960.59,33.4,21.9,17.5,84.0,1100.0,-139.40999999999997
2018,DJOUGOU,451.96,2,401.12,1,95.56,30,1197.43,6.2,22.5,1.25,948.64,33.4,21.9,17.5,84.0,1100.0,-151.36000000000013
2019,DJOUGOU,352.55,3,403.74,1,233.27,16,1142.77,6.2,22.5,1.25,989.56,33.4,21.9,17.5,84.0,1100.0,-110.44000000000004
2020,DJOUGOU,377.1,3,481.45,4,319.23,41,1115.42,6.2,22.5,1.25,1177.78,33.4,21.9,17.5,84.0,1100.0,77.77999999999997
2010,OUAKÉ,307.34,3,595.96,0,185.99,19,2911.09,6.2,22.5,1.25,1089.29,33.8,22.299999999999997,17.5,84.0,1100.0,-10.710000000000036
2011,OUAKÉ,329.35,2,428.58,0,153.34,39,924.8,6.2,22.5,1.25,911.27,33.8,22.299999999999997,17.5,84.0,1100.0,-188.7299999999999
2012,OUAKÉ,418.49,0,419.57,2,178.6,25,677.57,6.2,22.5,1.25,1016.66,33.8,22.299999999999997,17.5,84.0,1100.0,-83.34000000000003
2013,OUAKÉ,273.42,5,306.19,3,112.85,20,880.7,6.2,22.5,1.25,692.46,33.8,22.299999999999997,17.5,84.0,1100.0,-407.54
2014,OUAKÉ,251.48,4,440.4,0,151.54,25,812.1,6.2,22.5,1.25,843.42,33.8,22.299999999999997,17.5,84.0,1100.0,-256.58000000000004
2015,OUAKÉ,209.35,2,323.07,1,118.87,29,735.94,6.2,22.5,1.25,651.29,33.8,22.299999999999997,17.5,84.0,1100.0,-448.71
2016,OUAKÉ,351.79,1,422.89,1,55.27,39,912.69,6.2,22.5,1.25,829.95,33.8,22.299999999999997,17.5,84.0,1100.0,-270.04999999999995
2017,OUAKÉ,406.22,1,452.67,2,57.89,37,1012.69,6.2,22.5,1.25,916.78,33.8,22.299999999999997,17.5,84.0,1100.0,-183.2199999999999
2018,OUAKÉ,400.51,2,381.39,1,90.57,30,986.11,6.2,22.5,1.25,872.47,33.8,22.299999999999997,17.5,84.0,1100.0,-227.53
2019,OUAKÉ,330.64,3,402.38,2,199.12,16,882.14,6.2,22.5,1.25,932.14,33.8,22.299999999999997,17.5,84.0,1100.0,-167.86
2020,OUAKÉ,327.62,3,447.76,5,312.12,42,980.72,6.2,22.5,1.25,1087.5,33.8,22.299999999999997,17.5,84.0,1100.0,-12.5
2010,BEMBÈRÈKÈ,357.35,0,530.73,0,154.6,19,1035.844705882353,6.2,22.5,1.25,1042.68,33.0,21.5,17.5,84.0,1100.0,-57.319999999999936
2011,BEMBÈRÈKÈ,298.44,0,470.95,0,99.85,39,835.23,6.2,22.5,1.25,869.24,33.0,21.5,17.5,84.0,1100.0,-230.76
2012,BEMBÈRÈKÈ,391.67,1,469.75,0,121.85,24,579.15,6.2,22.5,1.25,983.27,33.0,21.5,17.5,84.0,1100.0,-116.7299999999999
2013,BEMBÈRÈKÈ,283.74,1,303.01,1,74.84,29,704.93,6.2,22.5,1.25,661.59,33.0,21.5,17.5,84.0,1100.0,-438.41
2014,BEMBÈRÈKÈ,232.77,6,499.64,0,94.87,27,861.1,6.2,22.5,1.25,827.28,33.0,21.5,17.5,84.0,1100.0,-272.72
2015,BEMBÈRÈKÈ,275.81,2,454.33,0,125.83,29,600.34,6.2,22.5,1.25,855.97,33.0,21.5,17.5,84.0,1100.0,-244.03
2016,BEMBÈRÈKÈ,378.9,2,497.53,1,71.14,31,1065.62,6.2,22.5,1.25,947.57,33.0,21.5,17.5,84.0,1100.0,-152.43000000000006
2017,BEMBÈRÈKÈ,554.07,1,599.12,1,69.33,38,1246.23,6.2,22.5,1.25,1222.52,33.0,21.5,17.5,84.0,1100.0,122.51999999999998
2018,BEMBÈRÈKÈ,483.82,1,441.52,1,90.48,30,906.16,6.2,22.5,1.25,1015.82,33.0,21.5,17.5,84.0,1100.0,-84.18000000000006
2019,BEMBÈRÈKÈ,464.97,2,498.67,1,226.07,16,998.78,6.2,22.5,1.25,1189.71,33.0,21.5,17.5,84.0,1100.0,89.71000000000004
2020,BEMBÈRÈKÈ,385.84,3,496.91,3,191.33,39,1094.8,6.2,22.5,1.25,1074.08,33.0,21.5,17.5,84.0,1100.0,-25.92000000000008
2010,KALALÉ,393.48,0,521.76,1,133.32,34,1035.844705882353,6.2,22.5,1.25,1048.56,33.5,22.0,17.5,84.0,1100.0,-51.440000000000055
2011,KALALÉ,273.66,2,468.94,2,55.58,46,764.12,6.2,22.5,1.25,798.1800000000001,33.5,22.0,17.5,84.0,1100.0,-301.81999999999994
2012,KALALÉ,403.78,1,508.72,0,51.27,35,562.05,6.2,22.5,1.25,963.77,33.5,22.0,17.5,84.0,1100.0,-136.23000000000002
2013,KALALÉ,297.76,1,330.03,0,51.95,44,955.65,6.2,22.5,1.25,679.74,33.5,22.0,17.5,84.0,1100.0,-420.26
2014,KALALÉ,219.98,9,535.42,0,47.2,32,916.37,6.2,22.5,1.25,802.6,33.5,22.0,17.5,84.0,1100.0,-297.4
2015,KALALÉ,281.35,2,594.8,1,96.84,29,561.74,6.2,22.5,1.25,972.99,33.5,22.0,17.5,84.0,1100.0,-127.01
2016,KALALÉ,340.63,2,476.67,3,37.38,31,1118.67,6.2,22.5,1.25,854.68,33.5,22.0,17.5,84.0,1100.0,-245.32000000000005
2017,KALALÉ,567.93,2,584.38,2,46.28,49,1127.89,6.2,22.5,1.25,1198.59,33.5,22.0,17.5,84.0,1100.0,98.58999999999992
2018,KALALÉ,628.33,1,560.27,1,82.04,31,828.36,6.2,22.5,1.25,1270.64,33.5,22.0,17.5,84.0,1100.0,170.63999999999987
2019,KALALÉ,410.5,2,455.66,1,167.28,17,912.27,6.2,22.5,1.25,1033.44,33.5,22.0,17.5,84.0,1100.0,-66.55999999999995
2020,KALALÉ,393.45,3,572.85,1,120.69,43,1161.48,6.2,22.5,1.25,1086.99,33.5,22.0,17.5,84.0,1100.0,-13.009999999999993
2010,N'DALI,357.35,0,530.73,0,154.6,19,70.67,6.2,22.5,1.25,1042.68,32.9,23.4,17.5,84.0,1100.0,-57.319999999999936
2011,N'DALI,298.44,0,470.95,0,99.85,39,936.59,6.2,22.5,1.25,869.24,32.9,23.4,17.5,84.0,1100.0,-230.76
2012,N'DALI,391.67,1,469.75,0,121.85,24,615.7,6.2,22.5,1.25,983.27,32.9,23.4,17.5,84.0,1100.0,-116.7299999999999
2013,N'DALI,283.74,1,303.01,1,74.84,29,881.99,6.2,22.5,1.25,661.59,32.9,23.4,17.5,84.0,1100.0,-438.41
2014,N'DALI,232.77,6,499.64,0,94.87,27,802.45,6.2,22.5,1.25,827.28,32.9,23.4,17.5,84.0,1100.0,-272.72
2015,N'DALI,275.81,2,454.33,0,125.83,29,696.39,6.2,22.5,1.25,855.97,32.9,23.4,17.5,84.0,1100.0,-244.03
2016,N'DALI,378.9,2,497.53,1,71.14,31,1099.09,6.2,22.5,1.25,947.57,32.9,23.4,17.5,84.0,1100.0,-152.43000000000006
2017,N'DALI,554.07,1,599.12,1,69.33,38,1268.85,6.2,22.5,1.25,1222.52,32.9,23.4,17.5,84.0,1100.0,122.51999999999998
2018,N'DALI,483.82,1,441.52,1,90.48,30,1104.29,6.2,22.5,1.25,1015.82,32.9,23.4,17.5,84.0,1100.0,-84.18000000000006
2019,N'DALI,464.97,2,498.67,1,226.07,16,1141.11,6.2,22.5,1.25,1189.71,32.9,23.4,17.5,84.0,1100.0,89.71000000000004
2020,N'DALI,385.84,3,496.91,3,191.33,39,1006.55,6.2,22.5,1.25,1074.08,32.9,23.4,17.5,84.0,1100.0,-25.92000000000008
2010,NIKKI,353.08,0,518.05,0,155.85,20,1035.844705882353,6.2,22.5,1.25,1026.9799999999998,33.2,21.700000000000003,17.5,84.0,1100.0,-73.02000000000021
2011,NIKKI,279.26,0,423.86,2,86.56,30,975.41,6.2,22.5,1.25,789.6800000000001,33.2,21.700000000000003,17.5,84.0,1100.0,-310.31999999999994
2012,NIKKI,383.53,1,487.79,0,93.33,22,554.35,6.2,22.5,1.25,964.65,33.2,21.700000000000003,17.5,84.0,1100.0,-135.35000000000002
2013,NIKKI,266.61,1,280.2,2,67.12,29,780.12,6.2,22.5,1.25,613.93,33.2,21.700000000000003,17.5,84.0,1100.0,-486.0700000000001
2014,NIKKI,199.8,10,492.25,0,90.36,25,893.63,6.2,22.5,1.25,782.41,33.2,21.700000000000003,17.5,84.0,1100.0,-317.59000000000003
2015,NIKKI,228.18,2,425.72,0,115.14,29,663.76,6.2,22.5,1.25,769.0400000000001,33.2,21.700000000000003,17.5,84.0,1100.0,-330.9599999999999
2016,NIKKI,308.62,4,417.31,1,60.69,31,1067.77,6.2,22.5,1.25,786.6200000000001,33.2,21.700000000000003,17.5,84.0,1100.0,-313.3799999999999
2017,NIKKI,577.87,2,562.37,2,54.91,49,1532.05,6.2,22.5,1.25,1195.15,33.2,21.700000000000003,17.5,84.0,1100.0,95.15000000000008
2018,NIKKI,475.11,1,418.03,1,90.39,31,995.73,6.2,22.5,1.25,983.53,33.2,21.700000000000003,17.5,84.0,1100.0,-116.47000000000004
2019,NIKKI,370.05,2,427.96,1,187.2,17,1070.36,6.2,22.5,1.25,985.21,33.2,21.700000000000003,17.5,84.0,1100.0,-114.78999999999996
2020,NIKKI,372.12,3,464.1,1,128.76,42,991.67,6.2,22.5,1.25,964.98,33.2,21.700000000000003,17.5,84.0,1100.0,-135.01999999999998
2010,PARAKOU,313.41,0,539.48,0,180.25,19,55.39,6.2,22.5,1.25,1033.14,32.8,23.299999999999997,17.5,84.0,1100.0,-66.8599999999999
2011,PARAKOU,312.58,1,417.42,0,140.49,29,990.9,6.2,22.5,1.25,870.49,32.8,23.299999999999997,17.5,84.0,1100.0,-229.51
2012,PARAKOU,392.76,1,456.83,0,159.84,22,966.36,6.2,22.5,1.25,1009.43,32.8,23.299999999999997,17.5,84.0,1100.0,-90.57000000000004
2013,PARAKOU,246.33,1,280.61,2,105.89,20,1294.22,6.2,22.5,1.25,632.83,32.8,23.299999999999997,17.5,84.0,1100.0,-467.17
2014,PARAKOU,213.99,8,472.48,0,146.17,25,1015.84,6.2,22.5,1.25,832.64,32.8,23.299999999999997,17.5,84.0,1100.0,-267.36
2015,PARAKOU,191.35,2,318.96,1,114.84,29,1707.19,6.2,22.5,1.25,625.15,32.8,23.299999999999997,17.5,84.0,1100.0,-474.85
2016,PARAKOU,323.47,1,395.96,1,67.32,39,1672.5,6.2,22.5,1.25,786.75,32.8,23.299999999999997,17.5,84.0,1100.0,-313.25
2017,PARAKOU,456.08,2,464.7,1,58.09,38,1626.65,6.2,22.5,1.25,978.87,32.8,23.299999999999997,17.5,84.0,1100.0,-121.13
2018,PARAKOU,364.58,2,373.51,1,91.45,30,1361.58,6.2,22.5,1.25,829.54,32.8,23.299999999999997,17.5,84.0,1100.0,-270.46000000000004
2019,PARAKOU,321.89,2,401.93,1,192.18,16,1373.11,6.2,22.5,1.25,916.0,32.8,23.299999999999997,17.5,84.0,1100.0,-184.0
2020,PARAKOU,306.31,3,390.35,3,240.67,42,1493.44,6.2,22.5,1.25,937.33,32.8,23.299999999999997,17.5,84.0,1100.0,-162.66999999999996
2010,PÈRÈRÈ,293.89,0,508.77,0,181.15,19,1035.844705882353,6.2,22.5,1.25,983.81,33.1,21.6,17.5,84.0,1100.0,-116.19000000000004
2011,PÈRÈRÈ,290.16,1,362.87,1,125.04,29,826.0,6.2,22.5,1.25,778.0699999999999,33.1,21.6,17.5,84.0,1100.0,-321.93000000000006
2012,PÈRÈRÈ,356.57,1,469.6,0,148.4,20,578.33,6.2,22.5,1.25,974.57,33.1,21.6,17.5,84.0,1100.0,-125.42999999999996
2013,PÈRÈRÈ,223.7,2,239.3,3,86.88,29,979.14,6.2,22.5,1.25,549.88,33.1,21.6,17.5,84.0,1100.0,-550.12
2014,PÈRÈRÈ,178.43,10,442.79,0,146.8,22,670.14,6.2,22.5,1.25,768.02,33.1,21.6,17.5,84.0,1100.0,-331.98
2015,PÈRÈRÈ,150.8,3,292.09,1,103.6,29,520.26,6.2,22.5,1.25,546.49,33.1,21.6,17.5,84.0,1100.0,-553.51
2016,PÈRÈRÈ,272.6,4,338.29,1,77.53,39,1218.97,6.2,22.5,1.25,688.4200000000001,33.1,21.6,17.5,84.0,1100.0,-411.5799999999999
2017,PÈRÈRÈ,512.4,2,434.92,2,52.35,49,1377.73,6.2,22.5,1.25,999.67,33.1,21.6,17.5,84.0,1100.0,-100.33000000000004
2018,PÈRÈRÈ,335.5,2,333.59,2,89.72,30,1130.22,6.2,22.5,1.25,758.81,33.1,21.6,17.5,84.0,1100.0,-341.19000000000005
2019,PÈRÈRÈ,282.3,3,348.1,2,170.38,17,1099.81,6.2,22.5,1.25,800.7800000000001,33.1,21.6,17.5,84.0,1100.0,-299.2199999999999
2020,PÈRÈRÈ,277.97,4,312.55,4,126.39,42,862.84,6.2,22.5,1.25,716.91,33.1,21.6,17.5,84.0,1100.0,-383.09
2010,SINENDÉ,376.24,0,507.27,0,127.03,34,1035.844705882353,6.2,22.5,1.25,1010.54,33.0,21.5,17.5,84.0,1100.0,-89.46000000000004
2011,SINENDÉ,282.92,2,495.34,1,67.88,39,880.22,6.2,22.5,1.25,846.14,33.0,21.5,17.5,84.0,1100.0,-253.86
2012,SINENDÉ,387.12,1,482.24,0,92.29,29,671.86,6.2,22.5,1.25,961.65,33.0,21.5,17.5,84.0,1100.0,-138.35000000000002
2013,SINENDÉ,311.04,1,334.12,0,51.57,44,784.17,6.2,22.5,1.25,696.7300000000001,33.0,21.5,17.5,84.0,1100.0,-403.2699999999999
2014,SINENDÉ,249.69,5,497.28,0,55.44,32,941.45,6.2,22.5,1.25,802.4100000000001,33.0,21.5,17.5,84.0,1100.0,-297.5899999999999
2015,SINENDÉ,344.88,2,635.73,1,107.39,29,842.62,6.2,22.5,1.25,1088.0,33.0,21.5,17.5,84.0,1100.0,-12.0
2016,SINENDÉ,425.34,2,566.84,2,53.14,31,1218.34,6.2,22.5,1.25,1045.3200000000002,33.0,21.5,17.5,84.0,1100.0,-54.67999999999984
2017,SINENDÉ,679.34,2,592.7,1,59.72,49,1093.07,6.2,22.5,1.25,1331.76,33.0,21.5,17.5,84.0,1100.0,231.76
2018,SINENDÉ,597.34,2,580.97,1,83.27,32,1092.01,6.2,22.5,1.25,1261.58,33.0,21.5,17.5,84.0,1100.0,161.57999999999993
2019,SINENDÉ,566.47,2,477.67,2,223.52,17,1184.59,6.2,22.5,1.25,1267.66,33.0,21.5,17.5,84.0,1100.0,167.66000000000008
2020,SINENDÉ,397.43,3,540.32,1,193.22,40,1350.04,6.2,22.5,1.25,1130.97,33.0,21.5,17.5,84.0,1100.0,30.970000000000027
2010,TCHAOUROU,320.42,0,579.02,1,203.46,19,1035.844705882353,6.2,22.5,1.25,1102.9,32.6,23.1,17.5,84.0,1100.0,2.900000000000091
2011,TCHAOUROU,344.22,1,463.61,1,168.06,29,863.8,6.2,22.5,1.25,975.89,32.6,23.1,17.5,84.0,1100.0,-124.1099999999999
2012,TCHAOUROU,423.35,1,498.96,0,186.33,20,671.55,6.2,22.5,1.25,1108.64,32.6,23.1,17.5,84.0,1100.0,8.639999999999873
2013,TCHAOUROU,269.43,2,301.64,6,130.4,20,1124.76,6.2,22.5,1.25,701.4699999999999,32.6,23.1,17.5,84.0,1100.0,-398.5300000000001
2014,TCHAOUROU,247.56,6,515.78,0,179.17,25,699.0,6.2,22.5,1.25,942.51,32.6,23.1,17.5,84.0,1100.0,-157.49000000000012
2015,TCHAOUROU,209.84,2,357.08,1,136.02,29,642.4,6.2,22.5,1.25,702.9399999999999,32.6,23.1,17.5,84.0,1100.0,-397.06000000000006
2016,TCHAOUROU,362.2,1,446.56,1,95.76,39,959.17,6.2,22.5,1.25,904.52,32.6,23.1,17.5,84.0,1100.0,-195.48
2017,TCHAOUROU,498.81,2,447.91,0,69.46,36,906.42,6.2,22.5,1.25,1016.18,32.6,23.1,17.5,84.0,1100.0,-83.81999999999994
2018,TCHAOUROU,376.23,1,504.58,1,122.27,29,1091.54,6.2,22.5,1.25,1003.08,32.6,23.1,17.5,84.0,1100.0,-96.92000000000009
2019,TCHAOUROU,383.9,2,419.71,1,245.37,16,1025.84,6.2,22.5,1.25,1048.98,32.6,23.1,17.5,84.0,1100.0,-51.01999999999998
2020,TCHAOUROU,374.83,1,349.46,4,284.0,38,826.34,6.2,22.5,1.25,1008.29,32.6,23.1,17.5,84.0,1100.0,-91.71000000000004
2010,BANIKOARA,297.33,1,455.32,0,103.06,34,1008.24,6.2,22.5,1.25,855.71,35.5,24.0,17.5,84.0,1100.0,-244.29
2011,BANIKOARA,239.51,2,367.26,1,59.28,39,1004.57,6.2,22.5,1.25,666.05,35.5,24.0,17.5,84.0,1100.0,-433.9500000000001
2012,BANIKOARA,327.42,2,407.11,1,81.53,29,719.28,6.2,22.5,1.25,816.06,35.5,24.0,17.5,84.0,1100.0,-283.94000000000005
2013,BANIKOARA,269.75,1,302.77,1,45.23,44,992.23,6.2,22.5,1.25,617.75,35.5,24.0,17.5,84.0,1100.0,-482.25
2014,BANIKOARA,199.56,5,412.92,1,42.59,32,1288.2,6.2,22.5,1.25,655.07,35.5,24.0,17.5,84.0,1100.0,-444.93
2015,BANIKOARA,189.81,3,512.94,1,69.13,34,1046.42,6.2,22.5,1.25,771.88,35.5,24.0,17.5,84.0,1100.0,-328.12
2016,BANIKOARA,273.65,8,376.76,3,19.76,46,1283.74,6.2,22.5,1.25,670.17,35.5,24.0,17.5,84.0,1100.0,-429.83
2017,BANIKOARA,334.6,2,364.01,5,49.78,53,1304.3,6.2,22.5,1.25,748.39,35.5,24.0,17.5,84.0,1100.0,-351.61
2018,BANIKOARA,315.37,1,473.87,2,70.9,32,1242.03,6.2,22.5,1.25,860.14,35.5,24.0,17.5,84.0,1100.0,-239.86
2019,BANIKOARA,326.04,4,357.36,2,62.01,30,1301.41,6.2,22.5,1.25,745.4100000000001,35.5,24.0,17.5,84.0,1100.0,-354.5899999999999
2020,BANIKOARA,233.08,7,389.12,1,80.53,43,1348.61,6.2,22.5,1.25,702.73,35.5,24.0,17.5,84.0,1100.0,-397.27
2010,GOGOUNOU,331.99,0,494.37,1,119.49,34,1250.13,6.2,22.5,1.25,945.85,34.8,23.299999999999997,17.5,84.0,1100.0,-154.14999999999998
2011,GOGOUNOU,250.69,2,405.97,2,56.37,46,1087.47,6.2,22.5,1.25,713.0300000000001,34.8,23.299999999999997,17.5,84.0,1100.0,-386.9699999999999
2012,GOGOUNOU,363.53,2,459.28,1,50.76,35,754.43,6.2,22.5,1.25,873.5699999999999,34.8,23.299999999999997,17.5,84.0,1100.0,-226.4300000000001
2013,GOGOUNOU,271.04,1,310.58,1,48.9,44,1051.33,6.2,22.5,1.25,630.52,34.8,23.299999999999997,17.5,84.0,1100.0,-469.48
2014,GOGOUNOU,196.7,4,477.07,0,42.05,32,1156.21,6.2,22.5,1.25,715.8199999999999,34.8,23.299999999999997,17.5,84.0,1100.0,-384.18000000000006
2015,GOGOUNOU,222.46,3,597.47,1,61.25,34,988.68,6.2,22.5,1.25,881.1800000000001,34.8,23.299999999999997,17.5,84.0,1100.0,-218.82
2016,GOGOUNOU,278.24,4,425.04,3,23.56,46,1079.73,6.2,22.5,1.25,726.8399999999999,34.8,23.299999999999997,17.5,84.0,1100.0,-373.1600000000001
2017,GOGOUNOU,465.55,2,492.63,2,40.64,49,1208.58,6.2,22.5,1.25,998.82,34.8,23.299999999999997,17.5,84.0,1100.0,-101.17999999999996
2018,GOGOUNOU,531.81,1,531.5,2,74.75,32,1000.62,6.2,22.5,1.25,1138.06,34.8,23.299999999999997,17.5,84.0,1100.0,38.059999999999945
2019,GOGOUNOU,320.49,2,435.92,2,101.62,30,970.99,6.2,22.5,1.25,858.0300000000001,34.8,23.299999999999997,17.5,84.0,1100.0,-241.9699999999999
2020,GOGOUNOU,300.17,3,511.98,2,94.9,43,1037.72,6.2,22.5,1.25,907.05,34.8,23.299999999999997,17.5,84.0,1100.0,-192.95
2010,KANDI,331.99,0,494.37,1,119.49,34,1022.18,6.2,22.5,1.25,945.85,35.2,23.700000000000003,17.5,84.0,1100.0,-154.14999999999998
2011,KANDI,250.69,2,405.97,2,56.37,46,1009.19,6.2,22.5,1.25,713.0300000000001,35.2,23.700000000000003,17.5,84.0,1100.0,-386.9699999999999
2012,KANDI,363.53,2,459.28,1,50.76,35,761.7,6.2,22.5,1.25,873.5699999999999,35.2,23.700000000000003,17.5,84.0,1100.0,-226.4300000000001
2013,KANDI,271.04,1,310.58,1,48.9,44,933.4,6.2,22.5,1.25,630.52,35.2,23.700000000000003,17.5,84.0,1100.0,-469.48
2014,KANDI,196.7,4,477.07,0,42.05,32,1156.65,6.2,22.5,1.25,715.8199999999999,35.2,23.700000000000003,17.5,84.0,1100.0,-384.18000000000006
2015,KANDI,222.46,3,597.47,1,61.25,34,855.49,6.2,22.5,1.25,881.1800000000001,35.2,23.700000000000003,17.5,84.0,1100.0,-218.82
2016,KANDI,278.24,4,425.04,3,23.56,46,1098.09,6.2,22.5,1.25,726.8399999999999,35.2,23.700000000000003,17.5,84.0,1100.0,-373.1600000000001
2017,KANDI,465.55,2,492.63,2,40.64,49,1351.63,6.2,22.5,1.25,998.82,35.2,23.700000000000003,17.5,84.0,1100.0,-101.17999999999996
2018,KANDI,531.81,1,531.5,2,74.75,32,1127.45,6.2,22.5,1.25,1138.06,35.2,23.700000000000003,17.5,84.0,1100.0,38.059999999999945
2019,KANDI,320.49,2,435.92,2,101.62,30,949.59,6.2,22.5,1.25,858.0300000000001,35.2,23.700000000000003,17.5,84.0,1100.0,-241.9699999999999
2020,KANDI,300.17,3,511.98,2,94.9,43,1006.39,6.2,22.5,1.25,907.05,35.2,23.700000000000003,17.5,84.0,1100.0,-192.95
2010,KARIMAMA,262.64,1,410.39,0,102.13,34,690.16,6.2,22.5,1.25,775.16,36.0,24.5,17.5,84.0,1100.0,-324.84000000000003
2011,KARIMAMA,197.85,3,307.11,2,44.05,49,625.14,6.2,22.5,1.25,549.01,36.0,24.5,17.5,84.0,1100.0,-550.99
2012,KARIMAMA,303.34,2,390.77,1,41.48,34,558.24,6.2,22.5,1.25,735.5899999999999,36.0,24.5,17.5,84.0,1100.0,-364.4100000000001
2013,KARIMAMA,240.15,1,292.59,1,44.08,44,670.33,6.2,22.5,1.25,576.82,36.0,24.5,17.5,84.0,1100.0,-523.18
2014,KARIMAMA,177.84,5,369.58,1,29.94,42,749.34,6.2,22.5,1.25,577.36,36.0,24.5,17.5,84.0,1100.0,-522.64
2015,KARIMAMA,128.67,6,474.4,2,49.6,50,464.28,6.2,22.5,1.25,652.67,36.0,24.5,17.5,84.0,1100.0,-447.33
2016,KARIMAMA,201.83,9,289.19,5,6.73,47,1021.21,6.2,22.5,1.25,497.75,36.0,24.5,17.5,84.0,1100.0,-602.25
2017,KARIMAMA,250.11,4,319.75,8,25.26,53,998.89,6.2,22.5,1.25,595.12,36.0,24.5,17.5,84.0,1100.0,-504.88
2018,KARIMAMA,197.78,4,331.55,2,48.64,32,873.2,6.2,22.5,1.25,577.97,36.0,24.5,17.5,84.0,1100.0,-522.03
2019,KARIMAMA,238.71,4,302.73,2,51.11,32,1127.15,6.2,22.5,1.25,592.5500000000001,36.0,24.5,17.5,84.0,1100.0,-507.44999999999993
2020,KARIMAMA,234.01,7,412.28,2,56.0,43,1201.89,6.2,22.5,1.25,702.29,36.0,24.5,17.5,84.0,1100.0,-397.71
2010,MALANVILLE,262.64,1,410.39,0,102.13,34,826.59,6.2,22.5,1.25,775.16,35.8,24.299999999999997,17.5,84.0,1100.0,-324.84000000000003
2011,MALANVILLE,197.85,3,307.11,2,44.05,49,1023.34,6.2,22.5,1.25,549.01,35.8,24.299999999999997,17.5,84.0,1100.0,-550.99
2012,MALANVILLE,303.34,2,390.77,1,41.48,34,678.94,6.2,22.5,1.25,735.5899999999999,35.8,24.299999999999997,17.5,84.0,1100.0,-364.4100000000001
2013,MALANVILLE,240.15,1,292.59,1,44.08,44,819.87,6.2,22.5,1.25,576.82,35.8,24.299999999999997,17.5,84.0,1100.0,-523.18
2014,MALANVILLE,177.84,5,369.58,1,29.94,42,723.65,6.2,22.5,1.25,577.36,35.8,24.299999999999997,17.5,84.0,1100.0,-522.64
2015,MALANVILLE,128.67,6,474.4,2,49.6,50,800.64,6.2,22.5,1.25,652.67,35.8,24.299999999999997,17.5,84.0,1100.0,-447.33
2016,MALANVILLE,201.83,9,289.19,5,6.73,47,1024.04,6.2,22.5,1.25,497.75,35.8,24.299999999999997,17.5,84.0,1100.0,-602.25
2017,MALANVILLE,250.11,4,319.75,8,25.26,53,1233.47,6.2,22.5,1.25,595.12,35.8,24.299999999999997,17.5,84.0,1100.0,-504.88
2018,MALANVILLE,197.78,4,331.55,2,48.64,32,981.55,6.2,22.5,1.25,577.97,35.8,24.299999999999997,17.5,84.0,1100.0,-522.03
2019,MALANVILLE,238.71,4,302.73,2,51.11,32,1308.11,6.2,22.5,1.25,592.5500000000001,35.8,24.299999999999997,17.5,84.0,1100.0,-507.44999999999993
2020,MALANVILLE,234.01,7,412.28,2,56.0,43,1323.34,6.2,22.5,1.25,702.29,35.8,24.299999999999997,17.5,84.0,1100.0,-397.71
2010,SÉGBANA,340.19,0,505.61,1,121.95,34,730.07,6.2,22.5,1.25,967.75,34.6,23.1,17.5,84.0,1100.0,-132.25
2011,SÉGBANA,251.95,2,409.12,2,53.16,46,678.15,6.2,22.5,1.25,714.2299999999999,34.6,23.1,17.5,84.0,1100.0,-385.7700000000001
2012,SÉGBANA,373.94,2,473.89,1,42.1,44,684.05,6.2,22.5,1.25,889.93,34.6,23.1,17.5,84.0,1100.0,-210.07000000000005
2013,SÉGBANA,270.38,1,317.0,1,48.43,44,953.07,6.2,22.5,1.25,635.81,34.6,23.1,17.5,84.0,1100.0,-464.19000000000005
2014,SÉGBANA,195.46,6,494.71,0,40.18,32,891.8,6.2,22.5,1.25,730.3499999999999,34.6,23.1,17.5,84.0,1100.0,-369.6500000000001
2015,SÉGBANA,227.76,5,570.39,1,60.58,32,649.07,6.2,22.5,1.25,858.73,34.6,23.1,17.5,84.0,1100.0,-241.27
2016,SÉGBANA,286.58,4,431.52,2,30.07,46,936.4,6.2,22.5,1.25,748.17,34.6,23.1,17.5,84.0,1100.0,-351.83000000000004
2017,SÉGBANA,471.1,2,563.53,2,38.99,49,949.03,6.2,22.5,1.25,1073.62,34.6,23.1,17.5,84.0,1100.0,-26.37999999999988
2018,SÉGBANA,569.34,1,483.88,1,80.91,32,896.47,6.2,22.5,1.25,1134.13,34.6,23.1,17.5,84.0,1100.0,34.13000000000011
2019,SÉGBANA,334.24,2,514.56,1,143.24,30,935.51,6.2,22.5,1.25,992.04,34.6,23.1,17.5,84.0,1100.0,-107.96000000000004
2020,SÉGBANA,339.01,3,664.7,2,115.0,43,1123.04,6.2,22.5,1.25,1118.71,34.6,23.1,17.5,84.0,1100.0,18.71000000000004
2010,ABOMEY,335.25,3,418.67,4,253.96,9,600.0,6.2,22.5,1.25,1007.88,32.2,22.700000000000003,17.5,84.0,1100.0,-92.11999999999988
2011,ABOMEY,394.91,3,298.42,1,226.32,15,551.55,6.2,22.5,1.25,919.65,32.2,22.700000000000003,17.5,84.0,1100.0,-180.3499999999999
2012,ABOMEY,342.93,1,249.59,5,200.89,6,564.5,6.2,22.5,1.25,793.41,32.2,22.700000000000003,17.5,84.0,1100.0,-306.59000000000003
2013,ABOMEY,212.25,4,191.13,7,157.61,15,625.08,6.2,22.5,1.25,560.99,32.2,22.700000000000003,17.5,84.0,1100.0,-539.01
2014,ABOMEY,241.4,10,430.31,5,159.13,19,316.56,6.2,22.5,1.25,830.84,32.2,22.700000000000003,17.5,84.0,1100.0,-269.16
2015,ABOMEY,211.28,3,179.32,4,135.27,20,499.77,6.2,22.5,1.25,525.87,32.2,22.700000000000003,17.5,84.0,1100.0,-574.13
2016,ABOMEY,278.73,1,287.99,1,131.98,17,889.59,6.2,22.5,1.25,698.7,32.2,22.700000000000003,17.5,84.0,1100.0,-401.3
2017,ABOMEY,411.7,3,266.82,2,91.14,10,827.24,6.2,22.5,1.25,769.66,32.2,22.700000000000003,17.5,84.0,1100.0,-330.34000000000003
2018,ABOMEY,307.11,2,373.21,4,166.96,15,623.4,6.2,22.5,1.25,847.28,32.2,22.700000000000003,17.5,84.0,1100.0,-252.72000000000003
2019,ABOMEY,371.16,5,378.32,4,328.25,9,540.03,6.2,22.5,1.25,1077.73,32.2,22.700000000000003,17.5,84.0,1100.0,-22.269999999999985
2020,ABOMEY,426.65,2,235.86,13,183.04,14,364.8,6.2,22.5,1.25,845.55,32.2,22.700000000000003,17.5,84.0,1100.0,-254.45000000000005
2010,AGBANGNIZOUN,335.25,3,418.67,4,253.96,9,666.67,6.2,22.5,1.25,1007.88,32.1,22.6,17.5,84.0,1100.0,-92.11999999999988
2011,AGBANGNIZOUN,394.91,3,298.42,1,226.32,15,590.64,6.2,22.5,1.25,919.65,32.1,22.6,17.5,84.0,1100.0,-180.3499999999999
2012,AGBANGNIZOUN,342.93,1,249.59,5,200.89,6,668.63,6.2,22.5,1.25,793.41,32.1,22.6,17.5,84.0,1100.0,-306.59000000000003
2013,AGBANGNIZOUN,212.25,4,191.13,7,157.61,15,566.11,6.2,22.5,1.25,560.99,32.1,22.6,17.5,84.0,1100.0,-539.01
2014,AGBANGNIZOUN,241.4,10,430.31,5,159.13,19,494.93,6.2,22.5,1.25,830.84,32.1,22.6,17.5,84.0,1100.0,-269.16
2015,AGBANGNIZOUN,211.28,3,179.32,4,135.27,20,1021.85,6.2,22.5,1.25,525.87,32.1,22.6,17.5,84.0,1100.0,-574.13
2016,AGBANGNIZOUN,278.73,1,287.99,1,131.98,17,985.11,6.2,22.5,1.25,698.7,32.1,22.6,17.5,84.0,1100.0,-401.3
2017,AGBANGNIZOUN,411.7,3,266.82,2,91.14,10,667.46,6.2,22.5,1.25,769.66,32.1,22.6,17.5,84.0,1100.0,-330.34000000000003
2018,AGBANGNIZOUN,307.11,2,373.21,4,166.96,15,593.45,6.2,22.5,1.25,847.28,32.1,22.6,17.5,84.0,1100.0,-252.72000000000003
2019,AGBANGNIZOUN,371.16,5,378.32,4,328.25,9,884.95,6.2,22.5,1.25,1077.73,32.1,22.6,17.5,84.0,1100.0,-22.269999999999985
2020,AGBANGNIZOUN,426.65,2,235.86,13,183.04,14,887.26,6.2,22.5,1.25,845.55,32.1,22.6,17.5,84.0,1100.0,-254.45000000000005
2010,BOHICON,335.25,3,418.67,4,253.96,9,1035.844705882353,6.2,22.5,1.25,1007.88,32.2,22.700000000000003,17.5,84.0,1100.0,-92.11999999999988
2011,BOHICON,394.91,3,298.42,1,226.32,15,862.1147727272728,6.2,22.5,1.25,919.65,32.2,22.700000000000003,17.5,84.0,1100.0,-180.3499999999999
2012,BOHICON,342.93,1,249.59,5,200.89,6,561.52,6.2,22.5,1.25,793.41,32.2,22.700000000000003,17.5,84.0,1100.0,-306.59000000000003
2013,BOHICON,212.25,4,191.13,7,157.61,15,470.99,6.2,22.5,1.25,560.99,32.2,22.700000000000003,17.5,84.0,1100.0,-539.01
2014,BOHICON,241.4,10,430.31,5,159.13,19,610.2,6.2,22.5,1.25,830.84,32.2,22.700000000000003,17.5,84.0,1100.0,-269.16
2015,BOHICON,211.28,3,179.32,4,135.27,20,463.15,6.2,22.5,1.25,525.87,32.2,22.700000000000003,17.5,84.0,1100.0,-574.13
2016,BOHICON,278.73,1,287.99,1,131.98,17,575.81,6.2,22.5,1.25,698.7,32.2,22.700000000000003,17.5,84.0,1100.0,-401.3
2017,BOHICON,411.7,3,266.82,2,91.14,10,611.56,6.2,22.5,1.25,769.66,32.2,22.700000000000003,17.5,84.0,1100.0,-330.34000000000003
2018,BOHICON,307.11,2,373.21,4,166.96,15,889.69,6.2,22.5,1.25,847.28,32.2,22.700000000000003,17.5,84.0,1100.0,-252.72000000000003
2019,BOHICON,371.16,5,378.32,4,328.25,9,791.06,6.2,22.5,1.25,1077.73,32.2,22.700000000000003,17.5,84.0,1100.0,-22.269999999999985
2020,BOHICON,426.65,2,235.86,13,183.04,14,577.51,6.2,22.5,1.25,845.55,32.2,22.700000000000003,17.5,84.0,1100.0,-254.45000000000005
2010,COVÈ,404.21,2,601.58,3,295.84,5,1035.844705882353,6.2,22.5,1.25,1301.63,32.4,22.9,17.5,84.0,1100.0,201.62999999999988
2011,COVÈ,419.93,3,343.73,2,284.11,5,725.1,6.2,22.5,1.25,1047.77,32.4,22.9,17.5,84.0,1100.0,-52.23000000000002
2012,COVÈ,374.85,1,333.99,4,286.43,3,660.09,6.2,22.5,1.25,995.27,32.4,22.9,17.5,84.0,1100.0,-104.73000000000002
2013,COVÈ,287.62,3,223.51,10,171.79,15,726.17,6.2,22.5,1.25,682.92,32.4,22.9,17.5,84.0,1100.0,-417.08
2014,COVÈ,296.14,5,443.28,5,250.5,9,917.38,6.2,22.5,1.25,989.92,32.4,22.9,17.5,84.0,1100.0,-110.08000000000004
2015,COVÈ,254.22,3,208.95,4,163.41,16,813.03,6.2,22.5,1.25,626.5799999999999,32.4,22.9,17.5,84.0,1100.0,-473.4200000000001
2016,COVÈ,286.95,1,423.55,2,193.38,9,830.78,6.2,22.5,1.25,903.88,32.4,22.9,17.5,84.0,1100.0,-196.12
2017,COVÈ,463.67,3,296.08,2,126.0,10,727.98,6.2,22.5,1.25,885.75,32.4,22.9,17.5,84.0,1100.0,-214.25
2018,COVÈ,338.48,1,497.99,5,228.28,5,1068.97,6.2,22.5,1.25,1064.75,32.4,22.9,17.5,84.0,1100.0,-35.25
2019,COVÈ,424.48,4,450.43,3,459.97,5,800.91,6.2,22.5,1.25,1334.88,32.4,22.9,17.5,84.0,1100.0,234.8800000000001
2020,COVÈ,507.43,2,370.77,12,211.57,10,1476.13,6.2,22.5,1.25,1089.77,32.4,22.9,17.5,84.0,1100.0,-10.230000000000018
2010,DJIDJA,351.86,3,506.82,4,226.15,9,937.5,6.2,22.5,1.25,1084.8300000000002,32.5,23.0,17.5,84.0,1100.0,-15.169999999999844
2011,DJIDJA,387.46,2,421.23,1,198.06,15,801.94,6.2,22.5,1.25,1006.75,32.5,23.0,17.5,84.0,1100.0,-93.25
2012,DJIDJA,373.38,1,308.72,2,193.16,6,779.72,6.2,22.5,1.25,875.26,32.5,23.0,17.5,84.0,1100.0,-224.74
2013,DJIDJA,255.41,7,246.77,6,167.09,17,810.7,6.2,22.5,1.25,669.27,32.5,23.0,17.5,84.0,1100.0,-430.73
2014,DJIDJA,278.63,5,504.15,3,167.4,20,763.97,6.2,22.5,1.25,950.18,32.5,23.0,17.5,84.0,1100.0,-149.82000000000005
2015,DJIDJA,251.24,2,287.84,1,137.08,20,540.65,6.2,22.5,1.25,676.16,32.5,23.0,17.5,84.0,1100.0,-423.84
2016,DJIDJA,369.76,1,396.12,0,128.66,29,776.38,6.2,22.5,1.25,894.54,32.5,23.0,17.5,84.0,1100.0,-205.46000000000004
2017,DJIDJA,537.16,3,337.48,2,98.38,21,858.49,6.2,22.5,1.25,973.02,32.5,23.0,17.5,84.0,1100.0,-126.98000000000002
2018,DJIDJA,361.68,2,526.12,3,174.29,20,870.05,6.2,22.5,1.25,1062.09,32.5,23.0,17.5,84.0,1100.0,-37.91000000000008
2019,DJIDJA,434.65,5,499.85,3,344.36,9,992.63,6.2,22.5,1.25,1278.86,32.5,23.0,17.5,84.0,1100.0,178.86000000000013
2020,DJIDJA,429.69,1,279.95,12,262.03,15,887.24,6.2,22.5,1.25,971.67,32.5,23.0,17.5,84.0,1100.0,-128.33000000000004
2010,OUINHI,404.21,2,601.58,3,295.84,5,680.0,6.2,22.5,1.25,1301.63,32.0,22.5,17.5,84.0,1100.0,201.62999999999988
2011,OUINHI,419.93,3,343.73,2,284.11,5,615.25,6.2,22.5,1.25,1047.77,32.0,22.5,17.5,84.0,1100.0,-52.23000000000002
2012,OUINHI,374.85,1,333.99,4,286.43,3,688.72,6.2,22.5,1.25,995.27,32.0,22.5,17.5,84.0,1100.0,-104.73000000000002
2013,OUINHI,287.62,3,223.51,10,171.79,15,471.34,6.2,22.5,1.25,682.92,32.0,22.5,17.5,84.0,1100.0,-417.08
2014,OUINHI,296.14,5,443.28,5,250.5,9,686.08,6.2,22.5,1.25,989.92,32.0,22.5,17.5,84.0,1100.0,-110.08000000000004
2015,OUINHI,254.22,3,208.95,4,163.41,16,690.26,6.2,22.5,1.25,626.5799999999999,32.0,22.5,17.5,84.0,1100.0,-473.4200000000001
2016,OUINHI,286.95,1,423.55,2,193.38,9,809.62,6.2,22.5,1.25,903.88,32.0,22.5,17.5,84.0,1100.0,-196.12
2017,OUINHI,463.67,3,296.08,2,126.0,10,655.64,6.2,22.5,1.25,885.75,32.0,22.5,17.5,84.0,1100.0,-214.25
2018,OUINHI,338.48,1,497.99,5,228.28,5,881.89,6.2,22.5,1.25,1064.75,32.0,22.5,17.5,84.0,1100.0,-35.25
2019,OUINHI,424.48,4,450.43,3,459.97,5,783.0,6.2,22.5,1.25,1334.88,32.0,22.5,17.5,84.0,1100.0,234.8800000000001
2020,OUINHI,507.43,2,370.77,12,211.57,10,882.49,6.2,22.5,1.25,1089.77,32.0,22.5,17.5,84.0,1100.0,-10.230000000000018
2010,ZAGNANADO,406.14,2,643.58,2,273.85,9,1035.844705882353,6.2,22.5,1.25,1323.5700000000002,32.3,22.799999999999997,17.5,84.0,1100.0,223.57000000000016
2011,ZAGNANADO,411.25,1,454.99,2,246.47,5,942.09,6.2,22.5,1.25,1112.71,32.3,22.799999999999997,17.5,84.0,1100.0,12.710000000000036
2012,ZAGNANADO,389.33,1,394.98,2,269.69,3,754.14,6.2,22.5,1.25,1054.0,32.3,22.799999999999997,17.5,84.0,1100.0,-46.0
2013,ZAGNANADO,313.36,3,262.84,6,181.7,15,896.71,6.2,22.5,1.25,757.9000000000001,32.3,22.799999999999997,17.5,84.0,1100.0,-342.0999999999999
2014,ZAGNANADO,317.54,5,512.32,3,246.29,9,752.85,6.2,22.5,1.25,1076.15,32.3,22.799999999999997,17.5,84.0,1100.0,-23.84999999999991
2015,ZAGNANADO,280.11,2,303.29,1,166.35,20,491.56,6.2,22.5,1.25,749.7500000000001,32.3,22.799999999999997,17.5,84.0,1100.0,-350.2499999999999
2016,ZAGNANADO,350.24,1,497.99,0,178.14,19,1968.5,6.2,22.5,1.25,1026.37,32.3,22.799999999999997,17.5,84.0,1100.0,-73.63000000000011
2017,ZAGNANADO,542.16,3,367.01,2,123.37,10,832.02,6.2,22.5,1.25,1032.54,32.3,22.799999999999997,17.5,84.0,1100.0,-67.46000000000004
2018,ZAGNANADO,360.68,1,693.93,3,235.78,10,913.74,6.2,22.5,1.25,1290.39,32.3,22.799999999999997,17.5,84.0,1100.0,190.38999999999987
2019,ZAGNANADO,469.43,2,607.95,2,460.2,9,893.05,6.2,22.5,1.25,1537.5800000000002,32.3,22.799999999999997,17.5,84.0,1100.0,437.58000000000015
2020,ZAGNANADO,512.38,1,408.83,12,289.35,15,812.66,6.2,22.5,1.25,1210.56,32.3,22.799999999999997,17.5,84.0,1100.0,110.55999999999996
2010,ZA-KPOTA,335.25,3,418.67,4,253.96,9,958.33,6.2,22.5,1.25,1007.88,32.2,22.700000000000003,17.5,84.0,1100.0,-92.11999999999988
2011,ZA-KPOTA,394.91,3,298.42,1,226.32,15,845.13,6.2,22.5,1.25,919.65,32.2,22.700000000000003,17.5,84.0,1100.0,-180.3499999999999
2012,ZA-KPOTA,342.93,1,249.59,5,200.89,6,592.63,6.2,22.5,1.25,793.41,32.2,22.700000000000003,17.5,84.0,1100.0,-306.59000000000003
2013,ZA-KPOTA,212.25,4,191.13,7,157.61,15,643.7,6.2,22.5,1.25,560.99,32.2,22.700000000000003,17.5,84.0,1100.0,-539.01
2014,ZA-KPOTA,241.4,10,430.31,5,159.13,19,651.6,6.2,22.5,1.25,830.84,32.2,22.700000000000003,17.5,84.0,1100.0,-269.16
2015,ZA-KPOTA,211.28,3,179.32,4,135.27,20,520.95,6.2,22.5,1.25,525.87,32.2,22.700000000000003,17.5,84.0,1100.0,-574.13
2016,ZA-KPOTA,278.73,1,287.99,1,131.98,17,388.52,6.2,22.5,1.25,698.7,32.2,22.700000000000003,17.5,84.0,1100.0,-401.3
2017,ZA-KPOTA,411.7,3,266.82,2,91.14,10,733.56,6.2,22.5,1.25,769.66,32.2,22.700000000000003,17.5,84.0,1100.0,-330.34000000000003
2018,ZA-KPOTA,307.11,2,373.21,4,166.96,15,798.8,6.2,22.5,1.25,847.28,32.2,22.700000000000003,17.5,84.0,1100.0,-252.72000000000003
2019,ZA-KPOTA,371.16,5,378.32,4,328.25,9,828.64,6.2,22.5,1.25,1077.73,32.2,22.700000000000003,17.5,84.0,1100.0,-22.269999999999985
2020,ZA-KPOTA,426.65,2,235.86,13,183.04,14,886.0,6.2,22.5,1.25,845.55,32.2,22.700000000000003,17.5,84.0,1100.0,-254.45000000000005
2010,ZOGBODOMEY,335.25,3,418.67,4,253.96,9,857.14,6.2,22.5,1.25,1007.88,31.9,22.4,17.5,84.0,1100.0,-92.11999999999988
2011,ZOGBODOMEY,394.91,3,298.42,1,226.32,15,805.61,6.2,22.5,1.25,919.65,31.9,22.4,17.5,84.0,1100.0,-180.3499999999999
2012,ZOGBODOMEY,342.93,1,249.59,5,200.89,6,885.08,6.2,22.5,1.25,793.41,31.9,22.4,17.5,84.0,1100.0,-306.59000000000003
2013,ZOGBODOMEY,212.25,4,191.13,7,157.61,15,1162.38,6.2,22.5,1.25,560.99,31.9,22.4,17.5,84.0,1100.0,-539.01
2014,ZOGBODOMEY,241.4,10,430.31,5,159.13,19,910.73,6.2,22.5,1.25,830.84,31.9,22.4,17.5,84.0,1100.0,-269.16
2015,ZOGBODOMEY,211.28,3,179.32,4,135.27,20,685.61,6.2,22.5,1.25,525.87,31.9,22.4,17.5,84.0,1100.0,-574.13
2016,ZOGBODOMEY,278.73,1,287.99,1,131.98,17,1018.03,6.2,22.5,1.25,698.7,31.9,22.4,17.5,84.0,1100.0,-401.3
2017,ZOGBODOMEY,411.7,3,266.82,2,91.14,10,882.19,6.2,22.5,1.25,769.66,31.9,22.4,17.5,84.0,1100.0,-330.34000000000003
2018,ZOGBODOMEY,307.11,2,373.21,4,166.96,15,1043.37,6.2,22.5,1.25,847.28,31.9,22.4,17.5,84.0,1100.0,-252.72000000000003
2019,ZOGBODOMEY,371.16,5,378.32,4,328.25,9,897.24,6.2,22.5,1.25,1077.73,31.9,22.4,17.5,84.0,1100.0,-22.269999999999985
2020,ZOGBODOMEY,426.65,2,235.86,13,183.04,14,935.86,6.2,22.5,1.25,845.55,31.9,22.4,17.5,84.0,1100.0,-254.45000000000005
2010,BANTÈ,340.44,2,603.12,1,205.24,20,906.67,6.2,22.5,1.25,1148.8,32.6,23.1,17.5,84.0,1100.0,48.79999999999996
2011,BANTÈ,367.36,1,521.9,0,177.26,39,702.99,6.2,22.5,1.25,1066.52,32.6,23.1,17.5,84.0,1100.0,-33.48000000000002
2012,BANTÈ,448.22,0,437.94,1,173.65,25,850.66,6.2,22.5,1.25,1059.8100000000002,32.6,23.1,17.5,84.0,1100.0,-40.18999999999983
2013,BANTÈ,300.23,7,323.0,6,150.54,20,1573.45,6.2,22.5,1.25,773.77,32.6,23.1,17.5,84.0,1100.0,-326.23
2014,BANTÈ,291.37,3,547.22,0,167.76,25,921.61,6.2,22.5,1.25,1006.35,32.6,23.1,17.5,84.0,1100.0,-93.64999999999998
2015,BANTÈ,255.14,2,437.93,1,141.32,29,778.51,6.2,22.5,1.25,834.3899999999999,32.6,23.1,17.5,84.0,1100.0,-265.6100000000001
2016,BANTÈ,431.54,1,531.57,0,95.3,39,994.15,6.2,22.5,1.25,1058.41,32.6,23.1,17.5,84.0,1100.0,-41.58999999999992
2017,BANTÈ,542.52,2,411.23,1,84.69,34,1066.96,6.2,22.5,1.25,1038.44,32.6,23.1,17.5,84.0,1100.0,-61.559999999999945
2018,BANTÈ,381.27,2,637.87,1,142.18,29,1082.52,6.2,22.5,1.25,1161.32,32.6,23.1,17.5,84.0,1100.0,61.319999999999936
2019,BANTÈ,495.7,5,438.26,1,292.83,16,1166.48,6.2,22.5,1.25,1226.79,32.6,23.1,17.5,84.0,1100.0,126.78999999999996
2020,BANTÈ,496.93,1,326.42,7,351.6,41,902.12,6.2,22.5,1.25,1174.95,32.6,23.1,17.5,84.0,1100.0,74.95000000000005
2010,DASSA-ZOUMÈ,351.86,3,506.82,4,226.15,9,1000.0,6.2,22.5,1.25,1084.8300000000002,32.4,22.9,17.5,84.0,1100.0,-15.169999999999844
2011,DASSA-ZOUMÈ,387.46,2,421.23,1,198.06,15,920.73,6.2,22.5,1.25,1006.75,32.4,22.9,17.5,84.0,1100.0,-93.25
2012,DASSA-ZOUMÈ,373.38,1,308.72,2,193.16,6,939.04,6.2,22.5,1.25,875.26,32.4,22.9,17.5,84.0,1100.0,-224.74
2013,DASSA-ZOUMÈ,255.41,7,246.77,6,167.09,17,1017.18,6.2,22.5,1.25,669.27,32.4,22.9,17.5,84.0,1100.0,-430.73
2014,DASSA-ZOUMÈ,278.63,5,504.15,3,167.4,20,1001.32,6.2,22.5,1.25,950.18,32.4,22.9,17.5,84.0,1100.0,-149.82000000000005
2015,DASSA-ZOUMÈ,251.24,2,287.84,1,137.08,20,999.3,6.2,22.5,1.25,676.16,32.4,22.9,17.5,84.0,1100.0,-423.84
2016,DASSA-ZOUMÈ,369.76,1,396.12,0,128.66,29,1036.21,6.2,22.5,1.25,894.54,32.4,22.9,17.5,84.0,1100.0,-205.46000000000004
2017,DASSA-ZOUMÈ,537.16,3,337.48,2,98.38,21,1053.81,6.2,22.5,1.25,973.02,32.4,22.9,17.5,84.0,1100.0,-126.98000000000002
2018,DASSA-ZOUMÈ,361.68,2,526.12,3,174.29,20,1249.77,6.2,22.5,1.25,1062.09,32.4,22.9,17.5,84.0,1100.0,-37.91000000000008
2019,DASSA-ZOUMÈ,434.65,5,499.85,3,344.36,9,1312.02,6.2,22.5,1.25,1278.86,32.4,22.9,17.5,84.0,1100.0,178.86000000000013
2020,DASSA-ZOUMÈ,429.69,1,279.95,12,262.03,15,1163.43,6.2,22.5,1.25,971.67,32.4,22.9,17.5,84.0,1100.0,-128.33000000000004
2010,GLAZOUÉ,375.9,2,638.85,1,247.97,18,1035.844705882353,6.2,22.5,1.25,1262.72,32.5,23.0,17.5,84.0,1100.0,162.72000000000003
2011,GLAZOUÉ,386.17,1,526.3,1,204.22,13,706.95,6.2,22.5,1.25,1116.69,32.5,23.0,17.5,84.0,1100.0,16.690000000000055
2012,GLAZOUÉ,408.75,1,453.81,2,239.28,5,1029.61,6.2,22.5,1.25,1101.84,32.5,23.0,17.5,84.0,1100.0,1.839999999999918
2013,GLAZOUÉ,319.75,3,281.74,6,173.89,15,1331.5,6.2,22.5,1.25,775.38,32.5,23.0,17.5,84.0,1100.0,-324.62
2014,GLAZOUÉ,314.32,3,552.4,1,227.21,13,971.45,6.2,22.5,1.25,1093.93,32.5,23.0,17.5,84.0,1100.0,-6.069999999999936
2015,GLAZOUÉ,288.45,2,399.3,1,171.4,29,1096.16,6.2,22.5,1.25,859.15,32.5,23.0,17.5,84.0,1100.0,-240.85
2016,GLAZOUÉ,402.78,1,537.53,0,163.08,39,1230.43,6.2,22.5,1.25,1103.39,32.5,23.0,17.5,84.0,1100.0,3.3899999999998727
2017,GLAZOUÉ,603.35,2,419.54,1,118.46,20,1137.9,6.2,22.5,1.25,1141.35,32.5,23.0,17.5,84.0,1100.0,41.350000000000136
2018,GLAZOUÉ,372.03,1,799.44,2,223.61,12,1458.51,6.2,22.5,1.25,1395.08,32.5,23.0,17.5,84.0,1100.0,295.0799999999999
2019,GLAZOUÉ,506.82,2,644.62,1,407.0,9,1512.04,6.2,22.5,1.25,1558.44,32.5,23.0,17.5,84.0,1100.0,458.44000000000005
2020,GLAZOUÉ,525.43,1,384.13,7,346.45,18,1457.18,6.2,22.5,1.25,1256.01,32.5,23.0,17.5,84.0,1100.0,156.01
2010,OUÈSSE,344.39,2,615.08,1,226.19,19,960.0,6.2,22.5,1.25,1185.66,32.6,23.1,17.5,84.0,1100.0,85.66000000000008
2011,OUÈSSE,366.78,1,517.42,1,184.86,29,817.01,6.2,22.5,1.25,1069.06,32.6,23.1,17.5,84.0,1100.0,-30.94000000000005
2012,OUÈSSE,426.12,1,498.97,1,210.14,20,697.09,6.2,22.5,1.25,1135.23,32.6,23.1,17.5,84.0,1100.0,35.23000000000002
2013,OUÈSSE,304.8,3,297.06,6,153.98,18,1119.61,6.2,22.5,1.25,755.84,32.6,23.1,17.5,84.0,1100.0,-344.16
2014,OUÈSSE,288.72,7,555.82,0,204.45,20,666.97,6.2,22.5,1.25,1048.99,32.6,23.1,17.5,84.0,1100.0,-51.00999999999999
2015,OUÈSSE,251.88,2,417.7,1,159.63,29,689.93,6.2,22.5,1.25,829.2099999999999,32.6,23.1,17.5,84.0,1100.0,-270.7900000000001
2016,OUÈSSE,398.71,1,511.87,0,133.04,39,1022.82,6.2,22.5,1.25,1043.62,32.6,23.1,17.5,84.0,1100.0,-56.38000000000011
2017,OUÈSSE,563.91,2,440.42,1,94.65,34,2182.31,6.2,22.5,1.25,1098.98,32.6,23.1,17.5,84.0,1100.0,-1.0199999999999818
2018,OUÈSSE,380.62,1,702.43,2,171.8,20,1381.84,6.2,22.5,1.25,1254.85,32.6,23.1,17.5,84.0,1100.0,154.8499999999999
2019,OUÈSSE,470.99,2,519.03,1,328.73,9,1297.69,6.2,22.5,1.25,1318.75,32.6,23.1,17.5,84.0,1100.0,218.75
2020,OUÈSSE,486.68,1,349.24,4,323.58,36,1078.1,6.2,22.5,1.25,1159.5,32.6,23.1,17.5,84.0,1100.0,59.5
2010,SAVALOU,349.51,2,579.4,1,210.64,20,883.33,6.2,22.5,1.25,1139.55,32.5,23.0,17.5,84.0,1100.0,39.54999999999996
2011,SAVALOU,372.83,1,515.11,0,178.84,37,690.86,6.2,22.5,1.25,1066.78,32.5,23.0,17.5,84.0,1100.0,-33.22000000000003
2012,SAVALOU,414.45,1,378.65,2,181.43,19,821.93,6.2,22.5,1.25,974.53,32.5,23.0,17.5,84.0,1100.0,-125.47000000000004
2013,SAVALOU,293.78,7,294.09,6,163.56,20,903.19,6.2,22.5,1.25,751.4299999999998,32.5,23.0,17.5,84.0,1100.0,-348.57000000000016
2014,SAVALOU,303.07,3,545.67,1,171.78,25,974.31,6.2,22.5,1.25,1020.52,32.5,23.0,17.5,84.0,1100.0,-79.48000000000002
2015,SAVALOU,281.39,2,406.62,1,143.41,29,782.3,6.2,22.5,1.25,831.42,32.5,23.0,17.5,84.0,1100.0,-268.58000000000004
2016,SAVALOU,437.75,1,503.65,0,119.97,39,890.28,6.2,22.5,1.25,1061.37,32.5,23.0,17.5,84.0,1100.0,-38.63000000000011
2017,SAVALOU,606.74,3,392.38,1,103.69,33,953.69,6.2,22.5,1.25,1102.81,32.5,23.0,17.5,84.0,1100.0,2.809999999999945
2018,SAVALOU,384.02,2,660.64,2,173.92,20,1029.29,6.2,22.5,1.25,1218.58,32.5,23.0,17.5,84.0,1100.0,118.57999999999991
2019,SAVALOU,503.08,5,534.08,1,331.45,16,1279.04,6.2,22.5,1.25,1368.61,32.5,23.0,17.5,84.0,1100.0,268.6100000000001
2020,SAVALOU,480.54,1,306.36,8,346.31,36,989.54,6.2,22.5,1.25,1133.21,32.5,23.0,17.5,84.0,1100.0,33.21000000000004
2010,SAVÈ,375.9,2,638.85,1,247.97,18,500.0,6.2,22.5,1.25,1262.72,32.7,23.200000000000003,17.5,84.0,1100.0,162.72000000000003
2011,SAVÈ,386.17,1,526.3,1,204.22,13,1009.27,6.2,22.5,1.25,1116.69,32.7,23.200000000000003,17.5,84.0,1100.0,16.690000000000055
2012,SAVÈ,408.75,1,453.81,2,239.28,5,803.64,6.2,22.5,1.25,1101.84,32.7,23.200000000000003,17.5,84.0,1100.0,1.839999999999918
2013,SAVÈ,319.75,3,281.74,6,173.89,15,1050.4,6.2,22.5,1.25,775.38,32.7,23.200000000000003,17.5,84.0,1100.0,-324.62
2014,SAVÈ,314.32,3,552.4,1,227.21,13,738.39,6.2,22.5,1.25,1093.93,32.7,23.200000000000003,17.5,84.0,1100.0,-6.069999999999936
2015,SAVÈ,288.45,2,399.3,1,171.4,29,589.63,6.2,22.5,1.25,859.15,32.7,23.200000000000003,17.5,84.0,1100.0,-240.85
2016,SAVÈ,402.78,1,537.53,0,163.08,39,929.72,6.2,22.5,1.25,1103.39,32.7,23.200000000000003,17.5,84.0,1100.0,3.3899999999998727
2017,SAVÈ,603.35,2,419.54,1,118.46,20,976.99,6.2,22.5,1.25,1141.35,32.7,23.200000000000003,17.5,84.0,1100.0,41.350000000000136
2018,SAVÈ,372.03,1,799.44,2,223.61,12,1263.27,6.2,22.5,1.25,1395.08,32.7,23.200000000000003,17.5,84.0,1100.0,295.0799999999999
2019,SAVÈ,506.82,2,644.62,1,407.0,9,1319.07,6.2,22.5,1.25,1558.44,32.7,23.200000000000003,17.5,84.0,1100.0,458.44000000000005
2020,SAVÈ,525.43,1,384.13,7,346.45,18,893.66,6.2,22.5,1.25,1256.01,32.7,23.200000000000003,17.5,84.0,1100.0,156.01
2010,LOKOSSA,316.08,14,353.88,5,289.51,9,1035.844705882353,6.2,22.5,1.25,959.47,31.4,21.9,17.5,84.0,1100.0,-140.52999999999997
2011,LOKOSSA,387.47,3,206.8,6,259.89,15,862.1147727272728,6.2,22.5,1.25,854.16,31.4,21.9,17.5,84.0,1100.0,-245.84000000000003
2012,LOKOSSA,336.51,5,193.66,7,215.66,5,390.07,6.2,22.5,1.25,745.8299999999999,31.4,21.9,17.5,84.0,1100.0,-354.1700000000001
2013,LOKOSSA,192.36,6,133.65,10,141.62,15,831.05,6.2,22.5,1.25,467.63,31.4,21.9,17.5,84.0,1100.0,-632.37
2014,LOKOSSA,225.46,10,331.37,5,152.87,19,978.33,6.2,22.5,1.25,709.7,31.4,21.9,17.5,84.0,1100.0,-390.3
2015,LOKOSSA,208.61,5,125.54,9,150.05,16,836.1,6.2,22.5,1.25,484.2000000000001,31.4,21.9,17.5,84.0,1100.0,-615.8
2016,LOKOSSA,227.72,4,239.33,4,151.64,9,815.16,6.2,22.5,1.25,618.69,31.4,21.9,17.5,84.0,1100.0,-481.31
2017,LOKOSSA,352.0,5,205.68,5,105.02,8,864.78,6.2,22.5,1.25,662.7,31.4,21.9,17.5,84.0,1100.0,-437.3
2018,LOKOSSA,266.82,3,294.69,7,185.45,8,1653.93,6.2,22.5,1.25,746.96,31.4,21.9,17.5,84.0,1100.0,-353.04
2019,LOKOSSA,349.18,5,274.69,5,307.97,9,497.37,6.2,22.5,1.25,931.84,31.4,21.9,17.5,84.0,1100.0,-168.15999999999997
2020,LOKOSSA,461.77,6,188.84,13,168.24,6,1232.48,6.2,22.5,1.25,818.85,31.4,21.9,17.5,84.0,1100.0,-281.15
2010,APLAHOUÉ,335.25,3,418.67,4,253.96,9,736.43,6.2,22.5,1.25,1007.88,31.5,22.0,17.5,84.0,1100.0,-92.11999999999988
2011,APLAHOUÉ,394.91,3,298.42,1,226.32,15,565.66,6.2,22.5,1.25,919.65,31.5,22.0,17.5,84.0,1100.0,-180.3499999999999
2012,APLAHOUÉ,342.93,1,249.59,5,200.89,6,590.87,6.2,22.5,1.25,793.41,31.5,22.0,17.5,84.0,1100.0,-306.59000000000003
2013,APLAHOUÉ,212.25,4,191.13,7,157.61,15,746.39,6.2,22.5,1.25,560.99,31.5,22.0,17.5,84.0,1100.0,-539.01
2014,APLAHOUÉ,241.4,10,430.31,5,159.13,19,379.34,6.2,22.5,1.25,830.84,31.5,22.0,17.5,84.0,1100.0,-269.16
2015,APLAHOUÉ,211.28,3,179.32,4,135.27,20,568.36,6.2,22.5,1.25,525.87,31.5,22.0,17.5,84.0,1100.0,-574.13
2016,APLAHOUÉ,278.73,1,287.99,1,131.98,17,600.56,6.2,22.5,1.25,698.7,31.5,22.0,17.5,84.0,1100.0,-401.3
2017,APLAHOUÉ,411.7,3,266.82,2,91.14,10,707.89,6.2,22.5,1.25,769.66,31.5,22.0,17.5,84.0,1100.0,-330.34000000000003
2018,APLAHOUÉ,307.11,2,373.21,4,166.96,15,585.3,6.2,22.5,1.25,847.28,31.5,22.0,17.5,84.0,1100.0,-252.72000000000003
2019,APLAHOUÉ,371.16,5,378.32,4,328.25,9,777.61,6.2,22.5,1.25,1077.73,31.5,22.0,17.5,84.0,1100.0,-22.269999999999985
2020,APLAHOUÉ,426.65,2,235.86,13,183.04,14,728.82,6.2,22.5,1.25,845.55,31.5,22.0,17.5,84.0,1100.0,-254.45000000000005
2010,DJAKOTOMEY,335.25,3,418.67,4,253.96,9,675.84,6.2,22.5,1.25,1007.88,31.3,21.8,17.5,84.0,1100.0,-92.11999999999988
2011,DJAKOTOMEY,394.91,3,298.42,1,226.32,15,641.08,6.2,22.5,1.25,919.65,31.3,21.8,17.5,84.0,1100.0,-180.3499999999999
2012,DJAKOTOMEY,342.93,1,249.59,5,200.89,6,507.29,6.2,22.5,1.25,793.41,31.3,21.8,17.5,84.0,1100.0,-306.59000000000003
2013,DJAKOTOMEY,212.25,4,191.13,7,157.61,15,368.29,6.2,22.5,1.25,560.99,31.3,21.8,17.5,84.0,1100.0,-539.01
2014,DJAKOTOMEY,241.4,10,430.31,5,159.13,19,459.96,6.2,22.5,1.25,830.84,31.3,21.8,17.5,84.0,1100.0,-269.16
2015,DJAKOTOMEY,211.28,3,179.32,4,135.27,20,331.9,6.2,22.5,1.25,525.87,31.3,21.8,17.5,84.0,1100.0,-574.13
2016,DJAKOTOMEY,278.73,1,287.99,1,131.98,17,556.71,6.2,22.5,1.25,698.7,31.3,21.8,17.5,84.0,1100.0,-401.3
2017,DJAKOTOMEY,411.7,3,266.82,2,91.14,10,636.64,6.2,22.5,1.25,769.66,31.3,21.8,17.5,84.0,1100.0,-330.34000000000003
2018,DJAKOTOMEY,307.11,2,373.21,4,166.96,15,760.99,6.2,22.5,1.25,847.28,31.3,21.8,17.5,84.0,1100.0,-252.72000000000003
2019,DJAKOTOMEY,371.16,5,378.32,4,328.25,9,611.88,6.2,22.5,1.25,1077.73,31.3,21.8,17.5,84.0,1100.0,-22.269999999999985
2020,DJAKOTOMEY,426.65,2,235.86,13,183.04,14,881.99,6.2,22.5,1.25,845.55,31.3,21.8,17.5,84.0,1100.0,-254.45000000000005
2010,DOGBO,335.25,3,418.67,4,253.96,9,1035.844705882353,6.2,22.5,1.25,1007.88,31.4,21.9,17.5,84.0,1100.0,-92.11999999999988
2011,DOGBO,394.91,3,298.42,1,226.32,15,603.37,6.2,22.5,1.25,919.65,31.4,21.9,17.5,84.0,1100.0,-180.3499999999999
2012,DOGBO,342.93,1,249.59,5,200.89,6,502.08,6.2,22.5,1.25,793.41,31.4,21.9,17.5,84.0,1100.0,-306.59000000000003
2013,DOGBO,212.25,4,191.13,7,157.61,15,439.09,6.2,22.5,1.25,560.99,31.4,21.9,17.5,84.0,1100.0,-539.01
2014,DOGBO,241.4,10,430.31,5,159.13,19,744.77,6.2,22.5,1.25,830.84,31.4,21.9,17.5,84.0,1100.0,-269.16
2015,DOGBO,211.28,3,179.32,4,135.27,20,504.14,6.2,22.5,1.25,525.87,31.4,21.9,17.5,84.0,1100.0,-574.13
2016,DOGBO,278.73,1,287.99,1,131.98,17,740.16,6.2,22.5,1.25,698.7,31.4,21.9,17.5,84.0,1100.0,-401.3
2017,DOGBO,411.7,3,266.82,2,91.14,10,667.36,6.2,22.5,1.25,769.66,31.4,21.9,17.5,84.0,1100.0,-330.34000000000003
2018,DOGBO,307.11,2,373.21,4,166.96,15,1053.67,6.2,22.5,1.25,847.28,31.4,21.9,17.5,84.0,1100.0,-252.72000000000003
2019,DOGBO,371.16,5,378.32,4,328.25,9,734.32,6.2,22.5,1.25,1077.73,31.4,21.9,17.5,84.0,1100.0,-22.269999999999985
2020,DOGBO,426.65,2,235.86,13,183.04,14,1064.87,6.2,22.5,1.25,845.55,31.4,21.9,17.5,84.0,1100.0,-254.45000000000005
2010,KLOUÉKANMÈ,335.25,3,418.67,4,253.96,9,1035.844705882353,6.2,22.5,1.25,1007.88,31.5,22.0,17.5,84.0,1100.0,-92.11999999999988
2011,KLOUÉKANMÈ,394.91,3,298.42,1,226.32,15,862.1147727272728,6.2,22.5,1.25,919.65,31.5,22.0,17.5,84.0,1100.0,-180.3499999999999
2012,KLOUÉKANMÈ,342.93,1,249.59,5,200.89,6,605.19,6.2,22.5,1.25,793.41,31.5,22.0,17.5,84.0,1100.0,-306.59000000000003
2013,KLOUÉKANMÈ,212.25,4,191.13,7,157.61,15,579.96,6.2,22.5,1.25,560.99,31.5,22.0,17.5,84.0,1100.0,-539.01
2014,KLOUÉKANMÈ,241.4,10,430.31,5,159.13,19,476.7,6.2,22.5,1.25,830.84,31.5,22.0,17.5,84.0,1100.0,-269.16
2015,KLOUÉKANMÈ,211.28,3,179.32,4,135.27,20,481.14,6.2,22.5,1.25,525.87,31.5,22.0,17.5,84.0,1100.0,-574.13
2016,KLOUÉKANMÈ,278.73,1,287.99,1,131.98,17,693.72,6.2,22.5,1.25,698.7,31.5,22.0,17.5,84.0,1100.0,-401.3
2017,KLOUÉKANMÈ,411.7,3,266.82,2,91.14,10,924.45,6.2,22.5,1.25,769.66,31.5,22.0,17.5,84.0,1100.0,-330.34000000000003
2018,KLOUÉKANMÈ,307.11,2,373.21,4,166.96,15,966.32,6.2,22.5,1.25,847.28,31.5,22.0,17.5,84.0,1100.0,-252.72000000000003
2019,KLOUÉKANMÈ,371.16,5,378.32,4,328.25,9,1043.91,6.2,22.5,1.25,1077.73,31.5,22.0,17.5,84.0,1100.0,-22.269999999999985
2020,KLOUÉKANMÈ,426.65,2,235.86,13,183.04,14,811.38,6.2,22.5,1.25,845.55,31.5,22.0,17.5,84.0,1100.0,-254.45000000000005
2010,LALO,335.25,3,418.67,4,253.96,9,1035.844705882353,6.2,22.5,1.25,1007.88,31.2,21.7,17.5,84.0,1100.0,-92.11999999999988
2011,LALO,394.91,3,298.42,1,226.32,15,862.1147727272728,6.2,22.5,1.25,919.65,31.2,21.7,17.5,84.0,1100.0,-180.3499999999999
2012,LALO,342.93,1,249.59,5,200.89,6,208.29,6.2,22.5,1.25,793.41,31.2,21.7,17.5,84.0,1100.0,-306.59000000000003
2013,LALO,212.25,4,191.13,7,157.61,15,349.08,6.2,22.5,1.25,560.99,31.2,21.7,17.5,84.0,1100.0,-539.01
2014,LALO,241.4,10,430.31,5,159.13,19,300.54,6.2,22.5,1.25,830.84,31.2,21.7,17.5,84.0,1100.0,-269.16
2015,LALO,211.28,3,179.32,4,135.27,20,0.0,6.2,22.5,1.25,525.87,31.2,21.7,17.5,84.0,1100.0,-574.13
2016,LALO,278.73,1,287.99,1,131.98,17,305.46,6.2,22.5,1.25,698.7,31.2,21.7,17.5,84.0,1100.0,-401.3
2017,LALO,411.7,3,266.82,2,91.14,10,364.78,6.2,22.5,1.25,769.66,31.2,21.7,17.5,84.0,1100.0,-330.34000000000003
2018,LALO,307.11,2,373.21,4,166.96,15,284.8,6.2,22.5,1.25,847.28,31.2,21.7,17.5,84.0,1100.0,-252.72000000000003
2019,LALO,371.16,5,378.32,4,328.25,9,983.767450980392,6.2,22.5,1.25,1077.73,31.2,21.7,17.5,84.0,1100.0,-22.269999999999985
2020,LALO,426.65,2,235.86,13,183.04,14,1039.174705882353,6.2,22.5,1.25,845.55,31.2,21.7,17.5,84.0,1100.0,-254.45000000000005
2010,TOVIKLIN,335.25,3,418.67,4,253.96,9,1035.844705882353,6.2,22.5,1.25,1007.88,31.3,21.8,17.5,84.0,1100.0,-92.11999999999988
2011,TOVIKLIN,394.91,3,298.42,1,226.32,15,862.1147727272728,6.2,22.5,1.25,919.65,31.3,21.8,17.5,84.0,1100.0,-180.3499999999999
2012,TOVIKLIN,342.93,1,249.59,5,200.89,6,409.0,6.2,22.5,1.25,793.41,31.3,21.8,17.5,84.0,1100.0,-306.59000000000003
2013,TOVIKLIN,212.25,4,191.13,7,157.61,15,540.02,6.2,22.5,1.25,560.99,31.3,21.8,17.5,84.0,1100.0,-539.01
2014,TOVIKLIN,241.4,10,430.31,5,159.13,19,287.72,6.2,22.5,1.25,830.84,31.3,21.8,17.5,84.0,1100.0,-269.16
2015,TOVIKLIN,211.28,3,179.32,4,135.27,20,662.62,6.2,22.5,1.25,525.87,31.3,21.8,17.5,84.0,1100.0,-574.13
2016,TOVIKLIN,278.73,1,287.99,1,131.98,17,448.22,6.2,22.5,1.25,698.7,31.3,21.8,17.5,84.0,1100.0,-401.3
2017,TOVIKLIN,411.7,3,266.82,2,91.14,10,670.96,6.2,22.5,1.25,769.66,31.3,21.8,17.5,84.0,1100.0,-330.34000000000003
2018,TOVIKLIN,307.11,2,373.21,4,166.96,15,661.35,6.2,22.5,1.25,847.28,31.3,21.8,17.5,84.0,1100.0,-252.72000000000003
2019,TOVIKLIN,371.16,5,378.32,4,328.25,9,837.75,6.2,22.5,1.25,1077.73,31.3,21.8,17.5,84.0,1100.0,-22.269999999999985
2020,TOVIKLIN,426.65,2,235.86,13,183.04,14,1182.34,6.2,22.5,1.25,845.55,31.3,21.8,17.5,84.0,1100.0,-254.45000000000005
2010,BONOU,404.21,2,601.58,3,295.84,5,1035.844705882353,6.2,22.5,1.25,1301.63,31.2,21.7,17.5,84.0,1100.0,201.62999999999988
2011,BONOU,419.93,3,343.73,2,284.11,5,862.1147727272728,6.2,22.5,1.25,1047.77,31.2,21.7,17.5,84.0,1100.0,-52.23000000000002
2012,BONOU,374.85,1,333.99,4,286.43,3,273.16,6.2,22.5,1.25,995.27,31.2,21.7,17.5,84.0,1100.0,-104.73000000000002
2013,BONOU,287.62,3,223.51,10,171.79,15,817.5934615384615,6.2,22.5,1.25,682.92,31.2,21.7,17.5,84.0,1100.0,-417.08
2014,BONOU,296.14,5,443.28,5,250.5,9,780.2524999999999,6.2,22.5,1.25,989.92,31.2,21.7,17.5,84.0,1100.0,-110.08000000000004
2015,BONOU,254.22,3,208.95,4,163.41,16,733.6867307692307,6.2,22.5,1.25,626.5799999999999,31.2,21.7,17.5,84.0,1100.0,-473.4200000000001
2016,BONOU,286.95,1,423.55,2,193.38,9,969.8215384615384,6.2,22.5,1.25,903.88,31.2,21.7,17.5,84.0,1100.0,-196.12
2017,BONOU,463.67,3,296.08,2,126.0,10,965.6996153846152,6.2,22.5,1.25,885.75,31.2,21.7,17.5,84.0,1100.0,-214.25
2018,BONOU,338.48,1,497.99,5,228.28,5,976.458846153846,6.2,22.5,1.25,1064.75,31.2,21.7,17.5,84.0,1100.0,-35.25
2019,BONOU,424.48,4,450.43,3,459.97,5,983.767450980392,6.2,22.5,1.25,1334.88,31.2,21.7,17.5,84.0,1100.0,234.8800000000001
2020,BONOU,507.43,2,370.77,12,211.57,10,1039.174705882353,6.2,22.5,1.25,1089.77,31.2,21.7,17.5,84.0,1100.0,-10.230000000000018
2010,ADJA-OUÈRÈ,404.21,2,601.58,3,295.84,5,1035.844705882353,6.2,22.5,1.25,1301.63,31.1,21.6,17.5,84.0,1100.0,201.62999999999988
2011,ADJA-OUÈRÈ,419.93,3,343.73,2,284.11,5,862.1147727272728,6.2,22.5,1.25,1047.77,31.1,21.6,17.5,84.0,1100.0,-52.23000000000002
2012,ADJA-OUÈRÈ,374.85,1,333.99,4,286.43,3,739.54,6.2,22.5,1.25,995.27,31.1,21.6,17.5,84.0,1100.0,-104.73000000000002
2013,ADJA-OUÈRÈ,287.62,3,223.51,10,171.79,15,898.29,6.2,22.5,1.25,682.92,31.1,21.6,17.5,84.0,1100.0,-417.08
2014,ADJA-OUÈRÈ,296.14,5,443.28,5,250.5,9,1095.8,6.2,22.5,1.25,989.92,31.1,21.6,17.5,84.0,1100.0,-110.08000000000004
2015,ADJA-OUÈRÈ,254.22,3,208.95,4,163.41,16,1106.19,6.2,22.5,1.25,626.5799999999999,31.1,21.6,17.5,84.0,1100.0,-473.4200000000001
2016,ADJA-OUÈRÈ,286.95,1,423.55,2,193.38,9,1309.6,6.2,22.5,1.25,903.88,31.1,21.6,17.5,84.0,1100.0,-196.12
2017,ADJA-OUÈRÈ,463.67,3,296.08,2,126.0,10,672.43,6.2,22.5,1.25,885.75,31.1,21.6,17.5,84.0,1100.0,-214.25
2018,ADJA-OUÈRÈ,338.48,1,497.99,5,228.28,5,1236.85,6.2,22.5,1.25,1064.75,31.1,21.6,17.5,84.0,1100.0,-35.25
2019,ADJA-OUÈRÈ,424.48,4,450.43,3,459.97,5,1005.16,6.2,22.5,1.25,1334.88,31.1,21.6,17.5,84.0,1100.0,234.8800000000001
2020,ADJA-OUÈRÈ,507.43,2,370.77,12,211.57,10,863.19,6.2,22.5,1.25,1089.77,31.1,21.6,17.5,84.0,1100.0,-10.230000000000018
2010,KÉTOU,406.14,2,643.58,2,273.85,9,1035.844705882353,6.2,22.5,1.25,1323.5700000000002,31.8,22.3,17.5,84.0,1100.0,223.57000000000016
2011,KÉTOU,411.25,1,454.99,2,246.47,5,862.1147727272728,6.2,22.5,1.25,1112.71,31.8,22.3,17.5,84.0,1100.0,12.710000000000036
2012,KÉTOU,389.33,1,394.98,2,269.69,3,772.18,6.2,22.5,1.25,1054.0,31.8,22.3,17.5,84.0,1100.0,-46.0
2013,KÉTOU,313.36,3,262.84,6,181.7,15,665.35,6.2,22.5,1.25,757.9000000000001,31.8,22.3,17.5,84.0,1100.0,-342.0999999999999
2014,KÉTOU,317.54,5,512.32,3,246.29,9,655.89,6.2,22.5,1.25,1076.15,31.8,22.3,17.5,84.0,1100.0,-23.84999999999991
2015,KÉTOU,280.11,2,303.29,1,166.35,20,1119.17,6.2,22.5,1.25,749.7500000000001,31.8,22.3,17.5,84.0,1100.0,-350.2499999999999
2016,KÉTOU,350.24,1,497.99,0,178.14,19,965.84,6.2,22.5,1.25,1026.37,31.8,22.3,17.5,84.0,1100.0,-73.63000000000011
2017,KÉTOU,542.16,3,367.01,2,123.37,10,816.76,6.2,22.5,1.25,1032.54,31.8,22.3,17.5,84.0,1100.0,-67.46000000000004
2018,KÉTOU,360.68,1,693.93,3,235.78,10,1048.79,6.2,22.5,1.25,1290.39,31.8,22.3,17.5,84.0,1100.0,190.38999999999987
2019,KÉTOU,469.43,2,607.95,2,460.2,9,1070.79,6.2,22.5,1.25,1537.5800000000002,31.8,22.3,17.5,84.0,1100.0,437.58000000000015
2020,KÉTOU,512.38,1,408.83,12,289.35,15,430.61,6.2,22.5,1.25,1210.56,31.8,22.3,17.5,84.0,1100.0,110.55999999999996
2010,POBÉ,404.21,2,601.58,3,295.84,5,1035.844705882353,6.2,22.5,1.25,1301.63,31.0,21.5,17.5,84.0,1100.0,201.62999999999988
2011,POBÉ,419.93,3,343.73,2,284.11,5,862.1147727272728,6.2,22.5,1.25,1047.77,31.0,21.5,17.5,84.0,1100.0,-52.23000000000002
2012,POBÉ,374.85,1,333.99,4,286.43,3,673.34,6.2,22.5,1.25,995.27,31.0,21.5,17.5,84.0,1100.0,-104.73000000000002
2013,POBÉ,287.62,3,223.51,10,171.79,15,453.45,6.2,22.5,1.25,682.92,31.0,21.5,17.5,84.0,1100.0,-417.08
2014,POBÉ,296.14,5,443.28,5,250.5,9,714.32,6.2,22.5,1.25,989.92,31.0,21.5,17.5,84.0,1100.0,-110.08000000000004
2015,POBÉ,254.22,3,208.95,4,163.41,16,1420.13,6.2,22.5,1.25,626.5799999999999,31.0,21.5,17.5,84.0,1100.0,-473.4200000000001
2016,POBÉ,286.95,1,423.55,2,193.38,9,922.03,6.2,22.5,1.25,903.88,31.0,21.5,17.5,84.0,1100.0,-196.12
2017,POBÉ,463.67,3,296.08,2,126.0,10,560.13,6.2,22.5,1.25,885.75,31.0,21.5,17.5,84.0,1100.0,-214.25
2018,POBÉ,338.48,1,497.99,5,228.28,5,808.4,6.2,22.5,1.25,1064.75,31.0,21.5,17.5,84.0,1100.0,-35.25
2019,POBÉ,424.48,4,450.43,3,459.97,5,893.27,6.2,22.5,1.25,1334.88,31.0,21.5,17.5,84.0,1100.0,234.8800000000001
2020,POBÉ,507.43,2,370.77,12,211.57,10,474.43,6.2,22.5,1.25,1089.77,31.0,21.5,17.5,84.0,1100.0,-10.230000000000018
